address,eligible_ousd_value_human,ousd_compensation_human,ogn_compensation_w_interest_human,ogn_compensation_human,eligible_ousd_value,ousd_compensation,ogn_compensation
0x00369B46cd0c232Ff5dc1d376248c4954CE645Ee,"97,215.09","25,053.77","604,568.70","483,654.96",97215092642050903900160,25053773160512725975040,483654956310577600034316
0x004098bb5b1d5285e4347BFebFe65B36d20fc697,"5,011.17","2,002.79","25,204.27","20,163.41",5011174949263366946816,2002793737315841736704,20163412948709954491367
0x005906CcC91AB5975939FF6525f413Bac7de3D08,1.01,1.01,0.00,0.00,1008222912088142336,1008222912088142336,0
0x007dD6113ef5A0DE9fE4eBba41143d242507F123,10.56,10.56,0.00,0.00,10562868207656738816,10562868207656738816,0
0x00cb25a1B52Ae70117895DaF8b9935f93942F947,25.51,25.51,0.00,0.00,25506621010274058240,25506621010274058240,0
0x02269a002Cf158f1eC9FDa7d4083BFc6Eb15D7C7,24.86,24.86,0.00,0.00,24863266819726098432,24863266819726098432,0
0x0291eb432CB4a2613a7415018933E3Db45Bcd769,"2,795.91","1,448.98","11,284.63","9,027.70",2795910845757201580032,1448977711439300395008,9027701972640088371474
0x0335B72579ecde83e82817E58c59D6d3CfE83B12,"1,245.74","1,061.43","1,544.08","1,235.27",1245735535819017682944,1061433883954754420736,1235265763165303366005
0x0366a8539B1cb971CcbD16D6f13b78F5676Ee259,675.46,675.46,0.00,0.00,675457993724183314432,675457993724183314432,0
0x0384EA30c95a4d420b92e78AA5bE0344C20cF409,102.16,102.16,0.00,0.00,102156935166150524928,102156935166150524928,0
0x03f93793E6f54a78d3839fEBd2C80E2AC48f56F7,"12,710.03","3,927.51","73,580.10","58,864.08",12710027159425320484864,3927506789856330121216,58864077544028085547238
0x04A46a5901C13Dfd53799130E7535542d4700c87,"1,005.81","1,001.45",36.50,29.20,1005808388827539832832,1001452097206884958208,29197665017794065844
0x04DB565233BBbC36B8D555d1784514dF98840d85,573.83,573.83,0.00,0.00,573833906007969431552,573833906007969431552,0
0x050BE54931FdCD6fCAe1231965356D9279923C0d,199.94,199.94,0.00,0.00,199940783884971704320,199940783884971704320,0
0x05FF7cC8B490B38898744037f951F3247673C2ed,15.90,15.90,0.00,0.00,15898739853160048640,15898739853160048640,0
0x067532AC33698C47FcA747d8158D49F35BD129ae,1.01,1.01,0.00,0.00,1008222912088142336,1008222912088142336,0
0x068a01a3443DF8230D423af83110d278D8dC9018,"40,059.26","10,764.81","245,429.30","196,343.44",40059255481571928440832,10764813870392982110208,196343442434175243502841
0x06ab719a55FEE6E6159388Dcdacd21CFBDAfcA79,"5,017.45","2,004.36","25,243.72","20,194.98",5017454359048619032576,2004363589762154758144,20194978346424023287077
0x06DbCb7b2962838CFEbE1D02BF6C3f4352d074ad,42.95,42.95,0.00,0.00,42952048942412963840,42952048942412963840,0
0x086d3a006641feaaF212915567CD7Fd8556DFb2F,12.92,12.92,0.00,0.00,12919109485091790848,12919109485091790848,0
0x08b224625c88231033218fc9E648c5d4AF02eBB2,13.88,13.88,0.00,0.00,13884548617878331963,13884548617878331963,0
0x08cfCCC00B7b9b0EC2EE129934Da1EDc029262d8,13.82,13.82,0.00,0.00,13822007472724838400,13822007472724838400,0
0x08f4e1df7D596a6DdD6Ba799a68d56991a8a771C,1.01,1.01,0.00,0.00,1008222912088142336,1008222912088142336,0
0x09aac303Cf1447184d7B0bB4C1d57Ba0B799DE09,252.28,252.28,0.00,0.00,252282041991648608256,252282041991648608256,0
0x09e281a7846401c1E1c755D55cFF1Dbf3B522AEF,3.00,3.00,0.00,0.00,3003008397483551232,3003008397483551232,0
0x0A117677Be4B8D258D9BCB9F86Cb9600e658952B,50.93,50.93,0.00,0.00,50934412331043364864,50934412331043364864,0
0x0b5A3054E7d7c25c23eE8B7fD7CbA3d2660Bc6A0,828.33,828.33,0.00,0.00,828334252388245176320,828334252388245176320,0
0x0B7831E4c2B33eb9390d188B7b1aB53C33cf6ece,24.93,24.93,0.00,0.00,24930272378561855488,24930272378561855488,0
0x0bB2C6478677aCbAd673e1D55FD26B0C06Ae2e18,1.02,1.02,0.00,0.00,1024768584035693056,1024768584035693056,0
0x0bC1Fb738c5EA282af13e1656e2c5AF63FfFFc5C,5.48,5.48,0.00,0.00,5483666054500344832,5483666054500344832,0
0x0bE7aed4B4270124B756791fEf29C8Ac7aF1eBA5,41.25,41.25,0.00,0.00,41249007601818738688,41249007601818738688,0
0x0BeDeeDD2922CDd7b85F2db5504bbd137116AAbE,303.83,303.83,0.00,0.00,303829659841742962688,303829659841742962688,0
0x0C0A51D9Ce6eD561264278d8E3F288CDe037b73D,36.22,36.22,0.00,0.00,36215930201601011712,36215930201601011712,0
0x0c4B47d7eB199e6ED3BF0af6FE2Ab33dF7FaEEEb,100.16,100.16,0.00,0.00,100163763586658439764,100163763586658439764,0
0x0cA80Fea8cdCFcdFcea14BF4A1e42663A2abEcE3,769.04,769.04,0.00,0.00,769043295241508093952,769043295241508093952,0
0x0D2a6C6f7B1702898F2c43c04Ea0c77B1f54a9B9,1.01,1.01,0.00,0.00,1008222912088142336,1008222912088142336,0
0x0D4Bda88DB1eb8Fd9cacd1673946714AbeD11133,50.32,50.32,0.00,0.00,50316924215153098752,50316924215153098752,0
0x0d502e27aaD03eF7d47735CA2d545a4d2Bbf9afA,141.66,141.66,0.00,0.00,141663733650393595904,141663733650393595904,0
0x0D9c2C070DBFBEE6d1679FFF641166Ad9C9c86fa,9.27,9.27,0.00,0.00,9273602064426346496,9273602064426346496,0
0x0Dd566E1574d6dea90c8EAd7701EF387f4F75896,217.87,217.87,0.00,0.00,217870325369919209472,217870325369919209472,0
0x0e3284c5f7687a12015d7FB9B98d8cF3C0859643,"6,002.98","2,250.74","31,436.28","25,149.02",6002978405825861648384,2250744601456465412096,25149020136524103460375
0x0E4CA9A79DFacFC42C9212AE13BB41970818c957,10.18,10.18,0.00,0.00,10178206379389505536,10178206379389505536,0
0x0e6ef7B4606f0BE74b8F2C2bfB547E32207AB3e3,1.01,1.01,0.00,0.00,1008222912088142336,1008222912088142336,0
0x0E861F1D1A0D4fdC90FE18CAcae65bB750105dBc,"8,604.08","2,901.02","47,780.30","38,224.24",8604075779089504403456,2901018944772376100864,38224241516870833127292
0x0ea26051F7657d59418da186137141CeA90D0652,"1,009.91","1,002.48",62.28,49.82,1009911851695131328512,1002477962923782832128,49824991765070351099
0x0eCddcF41754360AB129d7Ca4c8ABf220F9c32BD,175.06,175.06,0.00,0.00,175060582447704178688,175060582447704178688,0
0x0ef119683dA8456BbFbcE84aB6811681E2E3886C,61.43,61.43,0.00,0.00,61430288878221697024,61430288878221697024,0
0x0F585E105D5F1608ba2F76A8EbebAaA2E15D2EB7,1.01,1.01,0.00,0.00,1008222912088142336,1008222912088142336,0
0x0fE157C79D60fc4D2CA3ea8bfDd569fDcFedc3eD,"5,015.78","2,003.94","25,233.19","20,186.55",5015778125571972661248,2003944531392993165312,20186552239805492600107
0x10351065098B22B5951A9D24d444C20CE7Bb0F2a,2.40,2.40,0.00,0.00,2395716644193079808,2395716644193079808,0
0x10395903bfBf4EF877E43f8E6A56591D9Cd1a201,"101,042.87","26,010.72","628,620.59","502,896.47",101042871621417009414144,26010717905354252353536,502896472627766468234638
0x10716aaFfD2097228C78Fb8a7d844Eabc85497F5,578.92,578.92,0.00,0.00,578920156727787913216,578920156727787913216,0
0x10B0a72eA6110A4b985E21F62c4e30D09CcEc89c,"1,068.11","1,017.03",427.99,342.39,1068113602871817273344,1017028400717954318336,342394116312754390134
0x10E5fDFc4f07b9747A99AA2aA0E154011c84A9c2,133.04,133.04,0.00,0.00,133036277220939685784,133036277220939685784,0
0x11212B1CA82B524F1055839C6Db4481df642CED0,1.01,1.01,0.00,0.00,1008222912088142336,1008222912088142336,0
0x11482bA6590607A6C14F1b08989829ECDb92C196,30.36,30.36,0.00,0.00,30361357054453215232,30361357054453215232,0
0x11536843bF3C0fE97CF121787D67C996FBd3f26f,1.01,1.01,0.00,0.00,1008222912088142336,1008222912088142336,0
0x1199a132C99F0f336C1C4DBbec06f275afD85680,261.18,261.18,0.00,0.00,261182317524692795392,261182317524692795392,0
0x11dEeC5102ccbEFE460A0b328f145cE65920a0A2,10.34,10.34,0.00,0.00,10335634670180204544,10335634670180204544,0
0x11eDedebF63bef0ea2d2D071bdF88F71543ec6fB,10.84,10.84,0.00,0.00,10836628903845746688,10836628903845746688,0
0x12c2c0c75b387dcE9Ce8a506B8a8B2341078a75C,1.01,1.01,0.00,0.00,1008222912088142336,1008222912088142336,0
0x12d90A26a7c793988EB6ad6F074976E70D0fCdC1,337.61,337.61,0.00,0.00,337612174169898614784,337612174169898614784,0
0x1357A18D135883E676A2C9Da712bb5A87B9C78e7,"33,091.66","9,022.91","201,648.33","161,318.66",33091658914662155550720,9022914728665538887680,161318660764052390502949
0x138680387b77703924a347076DD55C1D8922F260,1.01,1.01,0.00,0.00,1008222912088142336,1008222912088142336,0
0x13c5d201925B15A6c7c47E0c40700bBC26adb45d,"267,432.54","67,608.13","1,674,132.06","1,339,305.65",267432536910755948134400,67608134227688987033600,1339305648009832178959785
0x13fa6995Adc2Af5718716c4539012cB7535A41eD,121.47,121.47,0.00,0.00,121473423267744677888,121473423267744677888,0
0x145D8BB322FF71eF8ecefc35F584993DF071bc92,200.46,200.46,0.00,0.00,200455167013504778240,200455167013504778240,0
0x152A054d837FE41e84836F0E200548B267CcbFa7,"1,360.00","1,090.00","2,262.07","1,809.66",1360000981691665219584,1090000245422916304896,1809656409307968597104
0x15311Fe81b264d962406e993Ea9d28AAc980f38C,1.75,1.75,0.00,0.00,1751157848549841664,1751157848549841664,0
0x162ffa327907eceC0B8d096578d207A31C58E2f9,1.01,1.01,0.00,0.00,1008222912088142336,1008222912088142336,0
0x16604e9C17c42077c7Db4402E287aCC34aa8d228,1.02,1.02,0.00,0.00,1020264840410962304,1020264840410962304,0
0x1723C4892aCEbbfBe6D41376e9B6C3F98D10453D,"1,000,260.46","250,815.12","6,278,865.16","5,023,092.13",1000260460803754823778304,250815115200938705944576,5023092128705201862156353
0x17bB3005CcD17490E032c8430eFd6b3d5E97b9DF,13.91,13.91,0.00,0.00,13908366374988181504,13908366374988181504,0
0x17D51c1AdF4de7b637654231E0271bAF34D3FC17,51.46,51.46,0.00,0.00,51456370077756866560,51456370077756866560,0
0x183B6267cb9F985A8AA7Fc912672A21d644a4102,114.02,114.02,0.00,0.00,114015964988294758400,114015964988294758400,0
0x187F4db433475240a524a75cAe57b4a6fc36DCC4,"40,308.45","10,827.11","246,995.13","197,596.10",40308450945135575826432,10827112736283893956608,197596100595520655963967
0x18b3eeDadC9A4a6d35905D4A416DfFF239F067d5,"14,978.72","4,494.68","87,835.46","70,268.37",14978720301307534508032,4494680075326883627008,70268366125875676146273
0x18c45b4e3FB7627f34edc15CD910944d681128f9,1.01,1.01,0.00,0.00,1008222912088142336,1008222912088142336,0
0x18f8020F3Bca2C20525eBBbadE8F6446B5654D6b,608.48,608.48,0.00,0.00,608476993502046846976,608476993502046846976,0
0x198d03Db13A0b2b3e28F59857AEC54Bf4C96DFF8,"2,502.31","1,375.58","9,439.81","7,551.85",2502313948801380909056,1375578487200345227264,7551846257379595722466
0x199Bd0AfeA9b67A7Aec89f349a1E219A10634124,1.01,1.01,0.00,0.00,1008222912088142336,1008222912088142336,0
0x19f18Ecd93cA130A24035EdE88159F83B6576CC8,"5,069.62","2,017.41","25,571.51","20,457.21",5069621019101783654400,2017405254775445913600,20457210216664462069705
0x19Ff4d0AB81f0D689b62B18eE2367a503eb8ebAD,1.01,1.01,0.00,0.00,1008222912088142336,1008222912088142336,0
0x1b4FD1fD2EE9fbC64BB42D261671baA1d17FE62F,"2,473.48","1,368.37","9,258.60","7,406.88",2473475771886979252224,1368368942971744813056,7406882231335351468954
0x1b65Eb05a5d3518c6d787f34fdfB5e3af10aD92C,30.08,30.08,0.00,0.00,30079819334963752960,30079819334963752960,0
0x1c11eCBbA07f6f122feF22caec28DAEE5ed1C908,"2,052.23","1,263.06","6,611.68","5,289.34",2052226888095961448448,1263056722023990362112,5289344276621790122895
0x1c47Fb66197F84ce3d92B1EBab9DFBAa656E8150,"9,759.66","3,189.92","55,041.46","44,033.17",9759664569082401783808,3189916142270600445952,44033166399542904409222
0x1dBd50789454E3D5Be40E04e5cDf31f6A043bE10,1.01,1.01,0.00,0.00,1008222912088142336,1008222912088142336,0
0x1E017d65d30BD3fAE1Cee47f32b83227B378fD41,"38,742.33","10,435.58","237,154.36","189,723.49",38742325846303154634752,10435581461575788658688,189723487833293337641179
0x1e63533Ac76750BE29Be862c351119bDb52395B1,1.01,1.01,0.00,0.00,1008222912088142336,1008222912088142336,0
0x1EaA5B344452d146527a9d8a11F86B119770c8E3,1.01,1.01,0.00,0.00,1008178121643629184,1008178121643629184,0
0x1Fb8c135D4F963879a75E670d9A1Fa9d3e73c355,97.06,97.06,0.00,0.00,97057316494710226944,97057316494710226944,0
0x20b958BBeB833f79Bd7E4B4165D4123B2F904cC8,205.39,205.39,0.00,0.00,205393034328496930816,205393034328496930816,0
0x2107dC09Fd3C7127749C1A47C84E4A33D6e72F1A,"3,493.33","1,623.33","15,666.88","12,533.51",3493332161142495117312,1623333040285623779328,12533506171962944624557
0x214a64A9532C6cda06903b77a58049E5d0224968,415.27,415.27,0.00,0.00,415268792716866813952,415268792716866813952,0
0x21699F05cd7FAf2165512703af577afaDDA0458f,"100,275.52","25,818.88","623,798.91","499,039.13",100275516640881899732992,25818879160220474933248,499039125205505528148418
0x21fcEee5FEc20BEC769A8ea5B802bE5ED7AA467D,98.35,98.35,0.00,0.00,98348752319183028224,98348752319183028224,0
0x2233F1eF5E56da1f86bf1922441fD807154C7F04,1.01,1.01,0.00,0.00,1008222912088142336,1008222912088142336,0
0x226a2bc4F5DB04eDB05D6598D28c52F821d0Cffe,1.01,1.01,0.00,0.00,1008222912088142336,1008222912088142336,0
0x226b88B9cA0F069A16aDfdAC31Ab8243b1EF911c,"2,318.65","1,329.66","8,285.78","6,628.62",2318653649438081286144,1329663412359520321536,6628620891947459548310
0x22cA0cE4Eae2C9A5Fd643781273A46ad09A8A9B7,93.93,93.93,0.00,0.00,93931774882794995712,93931774882794995712,0
0x22ee350346F93B9191af9a70cfFA8c5746BdfD14,2.15,2.15,0.00,0.00,2152026946532754432,2152026946532754432,0
0x2315418c9c091Cde80D9017780829075b151bfc1,30.87,30.87,0.00,0.00,30872590936525475840,30872590936525475840,0
0x23310E9504FDB07573064FB1B64708e59d7EC8C2,1.01,1.01,0.00,0.00,1008222912088142336,1008222912088142336,0
0x236Ff34518dBa76612BB571A7bAA6201D02Ea985,"1,320.62","1,080.15","2,014.59","1,611.67",1320615396080927113216,1080153849020231778304,1611672567430933880107
0x23946092B19E836888B3035AC8429f8Cd1c8eB33,2.31,2.31,0.00,0.00,2312380577791842816,2312380577791842816,0
0x239b68aE8fbC5c143Ea272e65E820Cc19046c7AD,1.01,1.01,0.00,0.00,1008222912088142336,1008222912088142336,0
0x239EeC9EC218f71cEf5CC14D88b142ed4fF44110,"46,010.82","12,252.70","282,826.01","226,260.81",46010816209436423487488,12252704052359105871872,226260805342341270882144
0x23B5B0F389201E6078687d498b94c2F83d71F7de,"2,048.01","1,262.00","6,585.16","5,268.13",2048005912659079725056,1262001478164769931264,5268126236557036151420
0x2453Efc26de8a8Ec26Aa7Cf5727F32e9bf17FEE3,400.23,400.23,0.00,0.00,400232709168245702656,400232709168245702656,0
0x24c17278f49d4d728217143fC357f7a628ca2094,1.01,1.01,0.00,0.00,1008222912088142336,1008222912088142336,0
0x257A6F7b2491Dd9d4a6D59ab8d3FE7189f91a927,1.01,1.01,0.00,0.00,1008222912088142336,1008222912088142336,0
0x25AeB15F24C179B2931D330f87b721266c78b752,1.01,1.01,0.00,0.00,1008222912088142336,1008222912088142336,0
0x26fFFa0672085572dd4E7433e04967AD53442368,1.01,1.01,0.00,0.00,1008222912088142336,1008222912088142336,0
0x2707591af7bCAeAB165ee80C70D4cb01d50A17B1,50.01,50.01,0.00,0.00,50012663486793728000,50012663486793728000,0
0x271cf1541cab957def01Be751220A3c233C8Cf3d,"1,272.07","1,068.02","1,709.57","1,367.65",1272072038923194073088,1068018009730798518272,1367654351155466185093
0x278335190b79429081b09Fc57C6Bc29e73A741dA,"1,168.01","1,042.00","1,055.70",844.56,1168011085214207180800,1042002771303551795200,844559744709486498659
0x27AaC65FB5b4AdadFA08e4d67E142bcC018aadcc,1.28,1.28,0.00,0.00,1281466191288139441,1281466191288139441,0
0x27bc2Af1669ee1F1e7c956BEcdcE8cB4bAB2d022,1.01,1.01,0.00,0.00,1008178121643629184,1008178121643629184,0
0x27cCaf1097C92B785Fc0536F55729bCD647605f5,"1,007.04","1,001.76",44.25,35.40,1007042576494645739520,1001760644123661434880,35401691494532872922
0x27d6b2536E5583bf61c6460969d2f51732F9BbB9,"1,001.19","1,000.30",7.48,5.99,1001191164903523483648,1000297791225880870912,5987759233529575978
0x281839ab6F0Fe4121BCD83a6641b00222813bC8D,1.01,1.01,0.00,0.00,1008222912088142336,1008222912088142336,0
0x28357Ed317505eb2EeC7181e5A7c9778EB060cC5,76.79,76.79,0.00,0.00,76794737508390961152,76794737508390961152,0
0x2853a2EdFE3883A20aB44F54A902f98f087B48B4,771.51,771.51,0.00,0.00,771509172784346169344,771509172784346169344,0
0x288DeF8225b9E150dc8789e5291CfC5c7E35Eb35,1.90,1.90,0.00,0.00,1903230813174583552,1903230813174583552,0
0x28C1497C044f8acc5Fb986ED0c4c669A09dB2d24,8.13,8.13,0.00,0.00,8126813398258367488,8126813398258367488,0
0x28D57336997B235F7544ed05dAd27B606ba3C983,"1,515.05","1,128.76","3,236.31","2,589.05",1515048571166264918016,1128762142791566229504,2589051128516747242037
0x28EA9447a92582262C64164A17Eb77924AdD58ee,43.85,43.85,0.00,0.00,43849000000000000000,43849000000000000000,0
0x297289405fAF325d416658E93D93d0ade229528C,"1,266.57","1,066.64","1,674.99","1,339.99",1266568711484780052480,1066642177871195013120,1339990171672821979624
0x29835eB74d743a40118B8D2ACB1564568F80BB18,"9,805.09","3,201.27","55,326.87","44,261.50",9805087566793260662784,3201271891698315165696,44261499162834755342412
0x29ba4353Eb38Ce6864c339e07070051C3A3757b2,1.01,1.01,0.00,0.00,1008178121643629184,1008178121643629184,0
0x29c988EF6A62c8e11F044915d73578F190684Eb6,446.32,446.32,0.00,0.00,446315036941972209664,446315036941972209664,0
0x2A0009E9a19bCfe2182d722c00AC760A77D0e51a,"7,032.34","2,508.09","37,904.30","30,323.44",7032343670116171382784,2508085917529042845696,30323443381951263653404
0x2a08fEcB8AC932cb7d3f6A3A0e434a4B9968DD56,507.71,507.71,0.00,0.00,507710074829682835456,507710074829682835456,0
0x2A729323449C8f0fBb56d46c9D1b522e38e0b08E,1.01,1.01,0.00,0.00,1008222912088142336,1008222912088142336,0
0x2Abe4A17664b2C7bCB6C41365471D315a308650D,493.73,493.73,0.00,0.00,493729146355375341568,493729146355375341568,0
0x2BD2ACd6750Da68027f557770E6DFEA744b3ABEA,"31,521.90","8,630.47","191,784.72","153,427.77",31521898141023498928128,8630474535255874732032,153427772156619465121286
0x2c80E16E5fc32790D26C47E34Ff8FEc0A6e9987e,436.14,436.14,0.00,0.00,436144188269514719232,436144188269514719232,0
0x2CBAE16f9237757BC18C89F04E80ba9ba36d2dfD,4.09,4.09,0.00,0.00,4087439366641330688,4087439366641330688,0
0x2Cd28139AbDc9E91F8Fe7C1b4A49fC41555A5607,"4,353.90","1,838.47","21,074.27","16,859.41",4353899455807349587968,1838474863951837396992,16859414154527561601715
0x2d24C44C93D3c433428eaA9324a05ae2c3F5cC20,1.02,1.02,0.00,0.00,1020264840410962304,1020264840410962304,0
0x2E528757498349C549b86ae05A8Fb3eD5Bd07F06,19.45,19.45,0.00,0.00,19449743939436265472,19449743939436265472,0
0x2ed7aFA17473e17Ac59908F088b4371D28585476,50.54,50.54,0.00,0.00,50538318570449305583,50538318570449305583,0
0x302EC5fbbBc67e2bdb98041C9C467b97FdBE0809,1.01,1.01,0.00,0.00,1008222912088142336,1008222912088142336,0
0x308565D0DADB9a21C7Ba31962a437c720f62c191,50.54,50.54,0.00,0.00,50542054948392976384,50542054948392976384,0
0x30fD1d2dB70FBba0d7fA48f6633e28392811A9df,1.01,1.01,0.00,0.00,1008222912088142336,1008222912088142336,0
0x3186Adc6Db16a6201B26BeEBA75305461c30d594,1.01,1.01,0.00,0.00,1008222912088142336,1008222912088142336,0
0x318Be0816a133FdB7a7F4542E14426EC4271e90f,12.34,12.34,0.00,0.00,12338389470407186432,12338389470407186432,0
0x31968582690369bF278B4390122834E725Cbe7DD,1.01,1.01,0.00,0.00,1008222912088142336,1008222912088142336,0
0x31CC6fe584c5157D6cB68e5547c92D728f29D7Fa,543.87,543.87,0.00,0.00,543867958347274911744,543867958347274911744,0
0x31da7588767A008A150CCE5cE7Cc73a601eED3a7,1.01,1.01,0.00,0.00,1008222912088142336,1008222912088142336,0
0x3231f0Aedb5c1E52F0f3Bd3B677bF72E61866111,10.36,10.36,0.00,0.00,10355147957353818112,10355147957353818112,0
0x3309fF89D2fB9d413B5F9669DB973bF439563492,2.02,2.02,0.00,0.00,2016445824176284672,2016445824176284672,0
0x339CB6140579c1aeC7182000090ebAc7980F9201,5.23,5.23,0.00,0.00,5231046881600943104,5231046881600943104,0
0x33C953a04f5F5eAd78a412639729BfB6b7F5d1d1,504.29,504.29,0.00,0.00,504288011734088155136,504288011734088155136,0
0x33f0E20f104bC092AD43E1fcA864310C4c0189E4,"7,883.79","2,720.95","43,254.40","34,603.52",7883793090318441644032,2720948272579610411008,34603517545166429175764
0x33F38676406B8D58D5460d7CEaCaECe433f6Da42,30.50,30.50,0.00,0.00,30496280960197931008,30496280960197931008,0
0x34cf73aA6a1B5Fe8c6390a1671aBc3489931C656,493.20,493.20,0.00,0.00,493198286480355819520,493198286480355819520,0
0x34d50E818A53021Ca7E69ac898a690b1023D47eE,"1,022.36","1,005.59",140.51,112.41,1022362392472659165184,1005590598118164791296,112411490311624489865
0x34D6508B607Af072858E64c65cEd6e7993225E32,"2,996.78","1,499.19","12,546.77","10,037.41",2996776131668863352832,1499194032917215838208,10037413530507020875495
0x34Da8ad494CF29bFBBe325d3125afF16E2281b57,576.04,576.04,0.00,0.00,576035407821858799616,576035407821858799616,0
0x34F83AE818d326454C1833Cb837615386920762A,"4,230.77","1,807.69","20,300.60","16,240.48",4230773299196072558592,1807693324799018139648,16240482402125029617587
0x352bDC63C766Ea44021479C484c868F031845548,103.28,103.28,0.00,0.00,103282384993324269568,103282384993324269568,0
0x353cC4D725CB72ff2702115B8A13e3ba25ce1793,"3,834.32","1,708.58","17,809.51","14,247.61",3834323591927494082560,1708580897981873520640,14247605187303086876139
0x35F677c93061805ec478a5aC1Fcd47597A86d1A3,1.01,1.01,0.00,0.00,1008222912088142336,1008222912088142336,0
0x3646fc44B6A40Ad194d22bA58e8c70Fb6A216929,1.01,1.01,0.00,0.00,1008222912088142336,1008222912088142336,0
0x366158b891147400FAF0010C6eA4151AD3bE0499,"5,526.24","2,131.56","28,440.68","22,752.55",5526239752531362185216,2131559938132840546304,22752545672912343424343
0x3688b712Bb6659d64740D55C5b000711E484C4BE,10.26,10.26,0.00,0.00,10262597643015854080,10262597643015854080,0
0x368fba4F18b3B026E0414BF09Daa66B68A7167A9,"1,049.82","1,012.46",313.05,250.44,1049821521450340188160,1012455380362585047040,250443304877715423056
0x37167af40fe5A58eFDffC9A5695eAD8eA21bE9f4,25.37,25.37,0.00,0.00,25371099793263333376,25371099793263333376,0
0x3719Ee354bA978C3b6d923e593F184b33Bc6f8F8,11.23,11.23,0.00,0.00,11232045603831007232,11232045603831007232,0
0x37935675B3A85279ecDe97de942C92f6a6918E7a,1.01,1.01,0.00,0.00,1008222912088142336,1008222912088142336,0
0x385FFc2E815064f524Db9614A3e18cf8edA0D98D,196.79,196.79,0.00,0.00,196794048902478888960,196794048902478888960,0
0x387fB7a12A1E0b5BbC2a36dB6d739C4519307A2a,1.01,1.01,0.00,0.00,1008222912088142336,1008222912088142336,0
0x390C6a2157358890377066dA91804a3774CB2FcD,1.00,1.00,0.00,0.00,1002607395245936128,1002607395245936128,0
0x3973601A6989Ff4dDE768746c6d67593BbA0451C,"1,693.18","1,173.30","4,355.62","3,484.50",1693182358154987962368,1173295589538746990592,3484495768205368443538
0x3981EAB6787D24181d797d168dA05d390F9Ed1A2,209.27,209.27,0.00,0.00,209267088138044178432,209267088138044178432,0
0x3a3355805181ba5752cB52CEBE8C95c0F3ED3d61,175.38,175.38,0.00,0.00,175383797435404222464,175383797435404222464,0
0x3a4A050cd1a8be5f8E9d9420CE0abcCC1Ba9511e,47.84,47.84,0.00,0.00,47835627304323637248,47835627304323637248,0
0x3a8635D470414b1393a00F5c1ac42d945369394c,1.01,1.01,0.00,0.00,1008222912088142336,1008222912088142336,0
0x3a9E0Da873dbe52d7869e2fa76aeEd965ffc01DC,491.36,491.36,0.00,0.00,491355430352441835520,491355430352441835520,0
0x3aa0944947dE812bb40ab9C85627fcfEA10652c6,12.43,12.43,0.00,0.00,12429370933943851008,12429370933943851008,0
0x3AD072D2191E0deBec7d19aB755FFa222f57DaC4,1.01,1.01,0.00,0.00,1008222912088142336,1008222912088142336,0
0x3b22621A2B0e1F8Dd3056975eFc2150d5FBeE980,200.32,200.32,0.00,0.00,200322194104162779136,200322194104162779136,0
0x3BF7Bed09ecF44a51fe10c717E5411744590B2a7,1.01,1.01,0.00,0.00,1008222912088142336,1008222912088142336,0
0x3c1877DA6EA0480F8fDA66E4425aB065871B0eb5,783.48,783.48,0.00,0.00,783483931747418243072,783483931747418243072,0
0x3CaDcb27A57dC0373a3D304359b8068e377DB9fD,51.22,51.22,0.00,0.00,51215207530155810816,51215207530155810816,0
0x3cAfceed09E25951c33046699d07D7761eb3eD4F,1.00,1.00,0.00,0.00,998200987346599296,998200987346599296,0
0x3cE1f748D4A44A2DBA36f9aE507140df8E4Db954,1.02,1.02,0.00,0.00,1021383156347403136,1021383156347403136,0
0x3d238fBf1F1a0B104cf80eafA6F217643cb5aB73,1.01,1.01,0.00,0.00,1008222912088142336,1008222912088142336,0
0x3D51847413663696741ccC5081c1E9744B01c3E7,61.36,61.36,0.00,0.00,61358154461709680640,61358154461709680640,0
0x3D614677aAA130d32Ba1D2d41A9b4Ae66CB4Fb8e,304.19,304.19,0.00,0.00,304190240413868949504,304190240413868949504,0
0x3e32a27d472A5eA1E5F04435DAB74D5B3Ae12113,"48,068.47","12,767.12","295,755.31","236,604.24",48068470968619370545152,12767117742154842636288,236604244145204610649222
0x3e43F662aFb40AAB75F4EB7D2508117457ea42e1,1.01,1.01,0.00,0.00,1008178121643629184,1008178121643629184,0
0x3E464570D09558DF0B39CFDE54822b81C1A45bE0,510.38,510.38,0.00,0.00,510376272737659650048,510376272737659650048,0
0x3eA4E9d60c02E6C4687a24223eB7Df87c42204AB,0.01,0.01,0.00,0.00,10000127538229572,10000127538229572,0
0x3EB35baF1C097AFEDe7b7a7df62470c74BA86098,153.90,153.90,0.00,0.00,153897028631144529920,153897028631144529920,0
0x3EbFC0a55ab261250364836f154B2a3f476Ae7C5,10.20,10.20,0.00,0.00,10203362449292498944,10203362449292498944,0
0x3f52dfCef058C6cEB6cD6D18c0BE39B4B7C761a8,90.37,90.37,0.00,0.00,90368451169266532352,90368451169266532352,0
0x3F88CfAb0ef47b8207CE6d91f99Bb2A2C096c662,3.92,3.92,0.00,0.00,3916552163334541312,3916552163334541312,0
0x3FDa4F1FA628c50b7B48585dCA36465A8e8a647F,1.01,1.01,0.00,0.00,1008222912088142336,1008222912088142336,0
0x3Fe7fa3d2f03240bD26C392D257B27fdc0DA09B3,1.01,1.01,0.00,0.00,1008222912088142336,1008222912088142336,0
0x402Ee321D7959dC1591451e6482E8614Dcc3422c,17.46,17.46,0.00,0.00,17458153062777225216,17458153062777225216,0
0x4086E3e1e99a563989a9390faCff553A4f29b6eE,"493,027.04","124,006.76","3,091,657.86","2,473,326.29",493027042641824976994304,124006760660456244248576,2473326286738396332075924
0x410e08B3e64aAc18AE18F2c5066D26e848AC8B9C,180.45,180.45,0.00,0.00,180452050569744384000,180452050569744384000,0
0x41646e8b3c3589dfaB0Ef9C7ef1cBBf57f1EdF90,45.60,45.60,0.00,0.00,45600183580601294848,45600183580601294848,0
0x424a21897d55b5A15A8692B47d1E60C05caBFD46,"7,655.62","2,663.91","41,820.68","33,456.55",7655622456255481643008,2663905614063870410752,33456547199675678500375
0x42a85f44937346380d935C6E2a3d2FEB78fa2016,"1,048.88","1,012.22",307.17,245.73,1048884310368082460672,1012221077592020615168,245732123163953388096
0x43999678D2a2317028424029DD7DA339dB2d5c55,"1,012.76","1,003.19",80.16,64.13,1012757332629986869248,1003189333157496717312,64128682791488953994
0x43Bf5A6dF560e391Ec9e1FB09543e1Dc5E105ACc,447.51,447.51,0.00,0.00,447511122557849894912,447511122557849894912,0
0x445288E337E2f665a578E647E2ef9Ce1F7996C95,17.28,17.28,0.00,0.00,17283882385896867840,17283882385896867840,0
0x44E7331F04689EB96c0787467A0EE0EAfCAc875b,539.68,539.68,0.00,0.00,539682741799526727680,539682741799526727680,0
0x44eC6911395356D41a0fFfd5ffBbF443f58fe120,285.81,285.81,0.00,0.00,285810599393559117824,285810599393559117824,0
0x4535724648aF875AcECffb1Ef91e5d230C0DdBD3,28.60,28.60,0.00,0.00,28598573313157046272,28598573313157046272,0
0x45A98c86087Ebe1DcecD1F8D96BA81Ef694f8F0a,83.83,83.83,0.00,0.00,83832598779855814656,83832598779855814656,0
0x45d6888c5EbF46Ebd6aEe295d21C41992390b245,1.01,1.01,0.00,0.00,1008222912088142336,1008222912088142336,0
0x45e1Ed17AdAEEab93c4d0244c551392061bB6d69,1.01,1.01,0.00,0.00,1008222912088142336,1008222912088142336,0
0x4673a50D8cCB067A5Ac6D77c161F32c189A156Bd,25.19,25.19,0.00,0.00,25188894940786491392,25188894940786491392,0
0x467927774B59F7cB023863b07960669f958EC19a,"10,067.18","3,266.80","56,973.74","45,579.00",10067181539340345933824,3266795384835086483456,45578995673627744305415
0x472133f87ae7Db800F18c500E4E076bC63D6A2Dd,"22,078.24","6,269.56","132,445.40","105,956.32",22078244099898738737152,6269561024974684684288,105956320877507064697479
0x4809BE021730731a278a8cff86baD314535befdD,"20,052.38","5,763.10","119,715.87","95,772.69",20052381266885618958336,5763095316721404739584,95772694035953178409865
0x482b0077336463B67FF7f83128083a8eCAd9019b,270.77,270.77,0.00,0.00,270773575814071156736,270773575814071156736,0
0x4853c9A7CB8f42a87dF28148F3380E35d8728043,0.76,0.76,0.00,0.00,762476366539639168,762476366539639168,0
0x48Cf6863360178E28e5480532E5Fed6ef0254498,0.51,0.51,0.00,0.00,511753605011506688,511753605011506688,0
0x491B1bd855368b896d407b60D7815cd651a67c09,50.89,50.89,0.00,0.00,50888965217365573632,50888965217365573632,0
0x493374100e511b1b091FA5BACe1929DC154FeE80,"3,996.43","1,749.11","18,828.11","15,062.49",3996431567858463408128,1749107891964615852032,15062491125293884424235
0x495875C49f7BF572B2A5EA6F82E86EE43E462f8d,302.67,302.67,0.00,0.00,302667953001422258176,302667953001422258176,0
0x4ACceEe2dA4269E708A22a9ce35d6079E29cc7FA,66.61,66.61,0.00,0.00,66606957319247396864,66606957319247396864,0
0x4B52DBd3F7643796f2e5e9d1257880f28263850f,1.02,1.02,0.00,0.00,1020264840410962304,1020264840410962304,0
0x4b5b754032d442831F32643f04cD6e4571865189,49.12,49.12,0.00,0.00,49123507289947856896,49123507289947856896,0
0x4bB0E9F8d5D95bC47D80A4E49fe33A1Dd2651507,1.01,1.01,0.00,0.00,1008222912088142336,1008222912088142336,0
0x4bb11CfdB6201614E400e48609e98EB4f7446a3F,133.45,133.45,0.00,0.00,133447370388934721536,133447370388934721536,0
0x4C892828E688906306D32A8Ca6aD17C874Ab55ea,1.01,1.01,0.00,0.00,1008222912088142336,1008222912088142336,0
0x4cbBAc6470C984D7c646BaB237f883347f16fb4A,493.27,493.27,0.00,0.00,493269551240011251712,493269551240011251712,0
0x4CbCD9Af513829Abc6d15ad7CfF0DC00D7dF8045,1.01,1.01,0.00,0.00,1008222912088142336,1008222912088142336,0
0x4Cc1c6AA620a30d2523D01CdC4F8bcc524aE7b9D,1.01,1.01,0.00,0.00,1008222912088142336,1008222912088142336,0
0x4Dd2a335d53BCD17445EBF4504c5632c13A818A1,1.34,1.34,0.00,0.00,1335554060294180096,1335554060294180096,0
0x4dE6879c7881A6737740b87237cc925f56b58a3D,94.73,94.73,0.00,0.00,94725218524928655360,94725218524928655360,0
0x4E255D0FE05539bBf55ff249cF871db54f325Fb0,"1,012.62","1,003.16",79.30,63.44,1012620512935319306240,1003155128233829826560,63440916229822249865
0x4E281AdD1E87F5aa0fD9c39D8Bcfd7C1a6da61fD,4.08,4.08,0.00,0.00,4084581152191963648,4084581152191963648,0
0x4e3E3d5f6ed67Cd44424ad188583722Ce6a7558E,1.02,1.02,0.00,0.00,1020264840410962304,1020264840410962304,0
0x4f50b32B11aF007D53fD229a4cA07c4D92aF1ea9,"1,424.73","1,106.18","2,668.80","2,135.04",1424731334701908230144,1106182833675477057536,2135043572563211612654
0x4F5FfF35Ec6FCF5ddB70AA2079a78D19e94D57C3,101.01,101.01,0.00,0.00,101010719456400687104,101010719456400687104,0
0x4fc1DDd25603575c6b659630B8B672Ac65e148b5,1.01,1.01,0.00,0.00,1008222912088142336,1008222912088142336,0
0x503A62E47b67e61804F83ff9A7cE14c34B8b7998,1.01,1.01,0.00,0.00,1008222912088142336,1008222912088142336,0
0x50407F40cEe70150966fB18AB4e4E5e6ea37E220,976.35,976.35,0.00,0.00,976350118775974002688,976350118775974002688,0
0x50b71FA550D646F3B0942a4c16bAed0260b77039,124.39,124.39,0.00,0.00,124394445283549954048,124394445283549954048,0
0x518aE9dC06AF3A4d2DD1B75E2367C0D23257B320,"20,468.81","5,867.20","122,332.52","97,866.01",20468812531813291393024,5867203132953322848256,97866014737667349495764
0x51963088C3beC10fabe76b72C8242c4E4b055F58,200.04,200.04,0.00,0.00,200037044095595282432,200037044095595282432,0
0x522dbBDA3e2aC66C9242EF71A9e8D42E431F037F,476.23,476.23,0.00,0.00,476232220274481364992,476232220274481364992,0
0x5285741666e23d78eF10DCD356445C35C8f13059,1.01,1.01,0.00,0.00,1008222912088142336,1008222912088142336,0
0x52F45cF60e5Db2927Ba6f7594bA8Efa589975cB1,5.05,5.05,0.00,0.00,5045965084969967616,5045965084969967616,0
0x53102839345B6589e3668de86451a8d4EAe23776,123.87,123.87,0.00,0.00,123872578156087476224,123872578156087476224,0
0x535824c63D3421C703cB022aba55c321a6e30Bf4,115.94,115.94,0.00,0.00,115940437594884374528,115940437594884374528,0
0x537037C5ae805b9D4CeCAB5Ee07F12a8e59A15B2,"36,420.72","9,855.18","222,566.54","178,053.23",36420722654250398646272,9855180663562599661568,178053230500588465044932
0x539F15196555f15D8B4Bd26d2448843fF146f50C,1.01,1.01,0.00,0.00,1008178121643629184,1008178121643629184,0
0x540a6330340B71378540d0a65AD8Cb3e5962B363,204.31,204.31,0.00,0.00,204312333503172575232,204312333503172575232,0
0x5434798c287D410c162CB8D1642c3848c169c490,1.01,1.01,0.00,0.00,1008222912088142336,1008222912088142336,0
0x549A0b12Fcb66c3B1e481a668447a90aBd81D22D,1.01,1.01,0.00,0.00,1008222912088142336,1008222912088142336,0
0x54aa4537e30497aB0dbEC28D9af8AFa225bFC7d6,3.50,3.50,0.00,0.00,3499192545676352000,3499192545676352000,0
0x54b31103456827FAb3371985BB2CB31ee4F99aEA,32.54,32.54,0.00,0.00,32539580112363061248,32539580112363061248,0
0x55420601591b6A4CF14F2cf912aB377898fb9201,"50,696.21","13,424.05","312,266.74","249,813.39",50696210191017832349696,13424052547754458087424,249813389029915377092975
0x5580bA66f8d6Dc71adB0CA1d1c6B3D142Ff7aACa,196.79,196.79,0.00,0.00,196785059063260479488,196785059063260479488,0
0x55998b0Bb194D59830a5b0A41aFb040775Cb27e6,54.20,54.20,0.00,0.00,54198365512022466560,54198365512022466560,0
0x559b9B91ac3AbbE7a30AaD2d0B3DE3a199d3E8a4,7.09,7.09,0.00,0.00,7089358729640669184,7089358729640669184,0
0x55AE368f55e42a99eEAa4c297f3EFAc87a3eD60b,169.67,169.67,0.00,0.00,169669089296333537280,169669089296333537280,0
0x55b7E41C7d1B286CA58a9D19e1eE41E28796235F,23.81,23.81,0.00,0.00,23805860150249582592,23805860150249582592,0
0x55D90422B6557EebA4B3EE3f8292ed83097F1D01,1.01,1.01,0.00,0.00,1008222912088142336,1008222912088142336,0
0x55E86864ddE83bdd7Ef9F0d1F1765ebbec3A7934,102.18,102.18,0.00,0.00,102183995150445985792,102183995150445985792,0
0x56011cc21d3CB7B49A97205649284A6619a6c3Fa,"2,245.13","1,311.28","7,823.77","6,259.01",2245126512356132913152,1311281628089033228288,6259013969618630595603
0x56D91bAA1bDC08361a7897fF866450d84F96d096,65.70,65.70,0.00,0.00,65696748970998562816,65696748970998562816,0
0x574F15DBE368311c69aADaE22b46159f3C7Df3F0,1.01,1.01,0.00,0.00,1008222912088142336,1008222912088142336,0
0x578Bc5366c0Fd5Cf0F399314C73ab10C626Ab413,388.19,388.19,0.00,0.00,388191629789658677248,388191629789658677248,0
0x5831919eEfa1198235eef143BDAB5A62d73B5d06,312.60,312.60,0.00,0.00,312599168017394302976,312599168017394302976,0
0x5853eD4f26A3fceA565b3FBC698bb19cdF6DEB85,10.18,10.18,0.00,0.00,10175180090105503744,10175180090105503744,0
0x587B938A8B21ea570325E91BDd01B161783A75e8,146.98,146.98,0.00,0.00,146980943165478404096,146980943165478404096,0
0x589Be270aF8577D2e21e953059B45A85CE7D8180,1.01,1.01,0.00,0.00,1008222912088142336,1008222912088142336,0
0x58B6e1e2F0DeB19006F9d4ED40800a835C483Be3,203.58,203.58,0.00,0.00,203575701643051204608,203575701643051204608,0
0x5931E3F743545C479357490958762FEB23cdfEdd,1.01,1.01,0.00,0.00,1008222912088142336,1008222912088142336,0
0x5a5ce790265736A7Aa87592CF84e3F00ac6e86ED,1.01,1.01,0.00,0.00,1008222912088142336,1008222912088142336,0
0x5d99aD29c5BeEE7D3CEb1D1f032F3Abd2d77bdc8,"1,170.71","1,042.68","1,072.67",858.14,1170711776774859390976,1042677944193714847744,858135607112228842037
0x5dA68351bD082aBDA73E42Ac981dB51d9364fe69,51.47,51.47,0.00,0.00,51467361901015031808,51467361901015031808,0
0x5dE2F76B3eB497CEDe9D06607f43848951c0EFFF,51.22,51.22,0.00,0.00,51215207530155810816,51215207530155810816,0
0x5DF4Ba37b90a463498cDddFb72E3C7C3bB7dA347,102.17,102.17,0.00,0.00,102172376419942203392,102172376419942203392,0
0x5E687f547d26732A3F1213e1C31432C3EF6810bc,2.48,2.48,0.00,0.00,2479073432890919936,2479073432890919936,0
0x5f2f9921567f64a96fB5bBE1e892401E7FCA1f6F,"1,028.19","1,007.05",177.15,141.72,1028192522191624863744,1007048130547906215936,141718442652269757426
0x5ffceF2e952209DF9dAE388B0621992b16cd1f3C,"6,858.98","2,464.75","36,814.98","29,451.99",6858982036679203749888,2464745509169800937472,29451987449794925016193
0x621Ec0b18317049583aC828461cdb4031AD2a76a,"3,177.66","1,544.42","13,683.36","10,946.69",3177660787459652321280,1544415196864913080320,10946686264039807245040
0x6244FB1e1b9C016D32CE7dA76046D2D1C789F20e,1.01,1.01,0.00,0.00,1008178121643629184,1008178121643629184,0
0x6252fACA764C750C55a7242E65Cc19eBaAd87176,1.01,1.01,0.00,0.00,1008178121643629184,1008178121643629184,0
0x626680d45bA727382419B0714AEeA84E13Ca0D38,787.43,787.43,0.00,0.00,787434861647909093376,787434861647909093376,0
0x626a20d089C9F292C1921D8d4E427687A10D1F1E,100.04,100.04,0.00,0.00,100035893725109698560,100035893725109698560,0
0x62cc07D3c75F83Bf1C8a961bf80256c1a8EA3e88,183.67,183.67,0.00,0.00,183671730600176222208,183671730600176222208,0
0x63043B54d83B1859dF46ccCaE2a2Cc101D8C8f57,"4,492.25","1,873.06","21,943.57","17,554.85",4492245671344951787520,1873061417836237946880,17554854246036956036461
0x63608C92f6C4da6Ea8Fbf6E2f718Df1d12b67003,0.10,0.10,0.00,0.00,99948119758064128,99948119758064128,0
0x636fe9cF2D2E9891289bE77a4B29b298FD501d52,203.79,203.79,0.00,0.00,203791103282279972864,203791103282279972864,0
0x63B7F56fF3c328Fb0AA9C292F3546550daa1CF62,"7,523.91","2,630.98","40,993.04","32,794.43",7523905719532748013568,2630976429883187003392,32794432236257111328257
0x63C5229302d4B93241AA06b08447b5C13eDd3AbF,"3,392.41","1,598.10","15,032.73","12,026.19",3392409576823098703872,1598102394205774675968,12026187551054450589168
0x6496B57Cd93c607527b418EF584a6b293b80a718,"41,598.27","11,149.57","255,099.74","204,079.79",41598273234289041604608,11149568308572260401152,204079791727324270800643
0x64f831408647cFc97F313bFf3A922dCFf2D50430,205.22,205.22,0.00,0.00,205223525732474617856,205223525732474617856,0
0x6595732468A241312bc307F327bA0D64F02b3c20,"667,998.58","167,749.65","4,191,093.64","3,352,874.91",667998582555741018652672,167749645638935254663168,3352874912311030589741983
0x65AcBf6788CB6b11b6E11F33C7Bc884314B61C5D,1.01,1.01,0.00,0.00,1008222912088142336,1008222912088142336,0
0x65e714b00f2a8f660bBAc9Ad866EeD7b153cB09D,"2,607.41","1,401.85","10,100.17","8,080.14",2607408312225793310720,1401852078056448327680,8080135617757003907774
0x65ffd2aE80fcb150f281D63a65d972Fe8c114A88,49.08,49.08,0.00,0.00,49077856454813499392,49077856454813499392,0
0x66390744C04D9CE7402062AAdd3925e9420f83D9,"21,508.67","6,127.17","128,866.48","103,093.18",21508670724783497805824,6127167681195874451456,103093183938254848219624
0x674Dc6065d37667a660820e4FeBff42E140E8EDb,156.73,156.73,0.00,0.00,156727019031627169792,156727019031627169792,0
0x675Cb20aAaCdCC7F6484B420A4749f8a44fCD7D1,1.01,1.01,0.00,0.00,1008222912088142336,1008222912088142336,0
0x67C14DBceA6b4e203639466f29cE804CF6325eC7,61.65,61.65,0.00,0.00,61645891542666092544,61645891542666092544,0
0x67F3A569C1E86d64a767D4776294b0e1C4819768,"2,603.99","1,401.00","10,078.70","8,062.96",2603991951507396231168,1400997987876849057792,8062962222724847006541
0x681B677479D2c4A00dDcD5325f2912EAC5d0822D,"1,217.51","1,054.38","1,366.71","1,093.37",1217508054794967187456,1054377013698741796864,1093371589116792162144
0x683efCE377A48F2899ae2Aa790F8353c1De348EF,1.01,1.01,0.00,0.00,1008222912088142336,1008222912088142336,0
0x68803aC6443605374B029836c356964550596dc4,"1,119.99","1,030.00",753.95,603.16,1119988365910521806848,1029997091477630451712,603158675823668600107
0x68bE2fEd75C6678F17eE81dDd2D2738d7a228d37,"2,016.37","1,254.09","6,386.40","5,109.12",2016374372667650211840,1254093593166912552960,5109120506037115676139
0x68e17518C12b9869745323847755Aa163E92A383,40.64,40.64,0.00,0.00,40641795388474613760,40641795388474613760,0
0x690Eb09378CAC699B0ab2B09C6e6032C43d31D34,"5,955.30","2,238.83","31,136.72","24,909.37",5955304423065720455168,2238826105766430113792,24909372099861195317533
0x699AEDeC6E4B8415eCe89cE0F2B8Aa763ce536E7,103.63,103.63,0.00,0.00,103632306416628006912,103632306416628006912,0
0x69A5F72BbE0dF1f6b6db4879eF82E4bcF9Ef6CAd,1.01,1.01,0.00,0.00,1008222912088142336,1008222912088142336,0
0x6ab791754298D6D6d7C182DC1572126B4eD24897,223.38,223.38,0.00,0.00,223378765541886754816,223378765541886754816,0
0x6b11bDA202802402f6E92a426e440BA6Abb01EE6,590.28,590.28,0.00,0.00,590276992968978595840,590276992968978595840,0
0x6C870BdA9b4A3E30E06123edC0Ea7C4084F9230E,65.54,65.54,0.00,0.00,65535295513730490368,65535295513730490368,0
0x6d142d83e4e08AF4E8e7Ccc4997678A4DaEb5f81,5.43,5.43,0.00,0.00,5433184244113584128,5433184244113584128,0
0x6d62d604f1AE0c669f41845a1c7a525e10cF9b3A,1.01,1.01,0.00,0.00,1008222912088142336,1008222912088142336,0
0x6D78900ae964441dDccAe9B29516F6240B001356,1.01,1.01,0.00,0.00,1008222912088142336,1008222912088142336,0
0x6D8F5F48eEB0173bA8cd0004ecf0551fbbb760b7,1.02,1.02,0.00,0.00,1020336244929249792,1020336244929249792,0
0x6ed54D1a6Ee10E94107316053a428DaaAa3F5e0c,61.49,61.49,0.00,0.00,61491898657762582528,61491898657762582528,0
0x6fA3d7EF1752b506b2DEC9bBfC20BB84184E88ae,271.97,271.97,0.00,0.00,271968056179672186880,271968056179672186880,0
0x6FB18a66D1bBC7Eda01c0F76abC53f14F085bBa4,0.09,0.09,0.00,0.00,94790458745798928,94790458745798928,0
0x6Ffe8F6d47afb19F12f46e5499a182a99C4D3BEf,1.80,1.80,0.00,0.00,1795930456793348864,1795930456793348864,0
0x70358055E7F181144B839b2222eCa8501865ad35,"10,081.91","3,270.48","57,066.29","45,653.03",10081910336688255664128,3270477584172063916032,45653034534290829410831
0x70601dc10b24100212fC51dC51E2570712Ff649e,52.20,52.20,0.00,0.00,52198867711173681152,52198867711173681152,0
0x70AB6b625412b26159FDb4dD4b3fFfd05c1D6525,1.01,1.01,0.00,0.00,1008222912088142336,1008222912088142336,0
0x70F6B0DC3d3Ae50E16f333949b25fd2b3bC2f8E2,437.35,437.35,0.00,0.00,437345460440869502976,437345460440869502976,0
0x714c1d1BDAc38d441Ba6dda67AA3010C7F51dc69,"1,000.35","1,000.09",2.18,1.74,1000346185415452393472,1000086546353863098368,1740208187595811689
0x7160BBc2711E1De92b6658Bb7D3E023ac2554caD,"2,401.56","1,350.39","8,806.75","7,045.40",2401564361476460773376,1350391090369115193344,7045397259432611126219
0x716ebFa1d99260e21EC05a950Fd1A75ABea2a565,1.01,1.01,0.00,0.00,1008222912088142336,1008222912088142336,0
0x721EeA17D8EbF21bfBD06A740d020B4F97841d6D,51.13,51.13,0.00,0.00,51130961208707801088,51130961208707801088,0
0x7221E37fEc261309Bf4bD4E95Dc129f1372f8082,607.85,607.85,0.00,0.00,607845250013914595328,607845250013914595328,0
0x72Ca7b9aEC982a620a23d4b9F18fB357F9d6BFEF,"112,723.36","28,930.84","702,015.11","561,612.09",112723364774711811637248,28930841193677952909312,561612088344730956621554
0x72CC4FE696Fba1deC301eb4e856DCe66c82D4222,"7,613.36","2,653.34","41,555.10","33,244.08",7613355877137729454080,2653338969284432363520,33244081151831749936729
0x73212e2729C8Ba3D508703fe9fb71Beabe93B073,1.01,1.01,0.00,0.00,1008222912088142336,1008222912088142336,0
0x73f8dC6e117b096600660c1245ae8E396cB6750e,501.03,501.03,0.00,0.00,501025948755371950080,501025948755371950080,0
0x741A79F4DB36305535b9C73C67F27BB6bA3C52F6,1.01,1.01,0.00,0.00,1008222912088142336,1008222912088142336,0
0x74e627b427ffe88BB4827734FfcfBa13b52fF69f,15.14,15.14,0.00,0.00,15144814862538090496,15144814862538090496,0
0x75161d790609e539Db9e2902Df0a0F664637f27e,1.01,1.01,0.00,0.00,1008222912088142336,1008222912088142336,0
0x751B1D5235aa34Ed5243c57D9313c67AC386EC08,"20,222.43","5,805.61","120,784.35","96,627.48",20222426566892028166144,5805606641723007041536,96627479391213278315067
0x75214FD1dd2794D0C26e22F1F71A5a91c972305e,2.02,2.02,0.00,0.00,2015498630512036352,2015498630512036352,0
0x75468Eb58413434fC82B01aC2fEF656CfAd7a6e3,"1,533.27","1,133.32","3,350.78","2,680.63",1533265873374105042944,1133316468343526260736,2680626039078946261447
0x757ae4Cf0552A8242CfaCA52b2a81556E089a7FA,37.04,37.04,0.00,0.00,37037851439127232512,37037851439127232512,0
0x75c7C78A0D51395a30299af6bEbe4dd3879e9d93,1.01,1.01,0.00,0.00,1008222912088142336,1008222912088142336,0
0x76296E0BB69a2cfA5db458aF5977272279b38E53,1.01,1.01,0.00,0.00,1008222912088142336,1008222912088142336,0
0x765e3b37C74651a57C162f722bf6EA54A0efDB52,218.45,218.45,0.00,0.00,218446423640269684736,218446423640269684736,0
0x76785D9109a4CdC7bBCd82299d6eAa6b863fb666,1.01,1.01,0.00,0.00,1008178121643629184,1008178121643629184,0
0x769538c3ba280Cb7B5018239937cc8F92458e689,"1,751.63","1,187.91","4,722.85","3,778.28",1751625053837775077376,1187906263459443769344,3778276074921791608793
0x76b40542a92Cd97D7722BaC7E3AE6E7085736c61,35.25,35.25,0.00,0.00,35246018632955764736,35246018632955764736,0
0x76B91c3597528Dc7d77fdc71729d284A96FdA29c,1.01,1.01,0.00,0.00,1008222912088142336,1008222912088142336,0
0x76dA00465870eaEBfEB74975c862E445EEeabA49,"2,021.43","1,255.36","6,418.19","5,134.55",2021433512717001949184,1255358378179250487296,5134551840065358323646
0x77337dfe579a03a07a475870DB443d65127F0769,"7,207.95","2,551.99","39,007.71","31,206.17",7207947231226803257344,2551986807806700814336,31206169057775485542949
0x777999bE819FfEceE44A995560A9D0e97780a30c,0.16,0.16,0.00,0.00,164055953108504350,164055953108504350,0
0x77bB33967398E374925e3eC635Bf9Faa148Bc24C,30.60,30.60,0.00,0.00,30602617827574431744,30602617827574431744,0
0x77c2401Ca6eF5a13fE062102fd59eD4070a55C4D,"3,569.60","1,642.40","16,146.12","12,916.89",3569600839526311264256,1642400209881577816064,12916894300567918553565
0x77fEb83b9d802Ffe594dBC9092E2d2d162F1ebC0,273.81,273.81,0.00,0.00,273814172778351820800,273814172778351820800,0
0x78b3A256061ce71fA266C2442Ed08C04a784A7dD,2.05,2.05,0.00,0.00,2054560328970156288,2054560328970156288,0
0x78b514bAd0299826c1Bc9409e5c3db7Ece9CA404,"3,482.41","1,620.60","15,598.28","12,478.63",3482414844364646479115,1620603711091161619778,12478626898615850263652
0x78F65FA1daa00F5a8445F5A7648C5FF970F11e63,99.13,99.13,0.00,0.00,99127603864240488448,99127603864240488448,0
0x78fDE612802F86C2B4fA56F0A09C01315073802c,"1,029.42","1,007.35",184.83,147.87,1029415802622454661120,1007353950655613665280,147867640528424905093
0x799F333E84feDede6F266F6f35c525eE383C8888,268.32,268.32,0.00,0.00,268318790329159122944,268318790329159122944,0
0x79C078b7018F312D7ad50Ed227A80A3f3a0C17a7,"1,198.54","1,049.63","1,247.51",998.01,1198536925803920490496,1049634231450980122624,998007334805230347667
0x79DEa56a2974484D76DC2AD08eA2806Abe50a27f,75.68,75.68,0.00,0.00,75684994441437462528,75684994441437462528,0
0x7A4Cca918b93Aa32d7e415DA8B8a6fe985a0d26f,1.01,1.01,0.00,0.00,1008222912088142336,1008222912088142336,0
0x7B351c60AcCC662447a71DA06071bE072DA74730,1.01,1.01,0.00,0.00,1008222912088142336,1008222912088142336,0
0x7b38C841122Ddd4FA31Ee819F546132f1D875480,10.20,10.20,0.00,0.00,10200777227689236480,10200777227689236480,0
0x7bB9a8e1f52bd7CE7B18d4CDE6f8c5F10fd0E729,378.41,378.41,0.00,0.00,378413738835805732864,378413738835805732864,0
0x7BEcF327f9f504c50C60d3DFBc005400c301F534,44.31,44.31,0.00,0.00,44307972148079181824,44307972148079181824,0
0x7D859D90b749FeB439ab9401d10dC179eadF1752,"1,020.03","1,005.01",125.83,100.66,1020025448523887411200,1005006362130971852800,100664117914983635388
0x7E61622446ae2A4D4C8bB64bb20E097297d0aE40,"5,389.73","2,097.43","27,582.91","22,066.33",5389728736347781332992,2097432184086945333248,22066330779228123322680
0x7ef890BB009CCE76F8B798B49C2F51e01e81a3aE,810.33,810.33,0.00,0.00,810327969072880025600,810327969072880025600,0
0x7F828aFFb15bb6443900daC69b4cFb48231dCD12,1.01,1.01,0.00,0.00,1008222912088142336,1008222912088142336,0
0x806CAFaA1B34C9b9d2fC33BBAe3DE209E9D137E0,"1,623.25","1,155.81","3,916.22","3,132.97",1623252801242997456896,1155813200310749364224,3132973196596837082252
0x80d53979b8ee634dC5d2f3aF1F22F5247F00a51a,"5,322.02","2,080.50","27,157.44","21,725.96",5322016691231779717120,2080504172807944929280,21725955217317927532439
0x8104dF8f04161Da7d5510197B83499Ad0604c855,1.01,1.01,0.00,0.00,1008222912088142336,1008222912088142336,0
0x81e005F03A31AcD2E10DF635F014E129E57F9638,1.06,1.06,0.00,0.00,1063199644865576192,1063199644865576192,0
0x82954E88f16DB08B47E9D77Df7Ac0E684e8b07C4,102.06,102.06,0.00,0.00,102060357900292751360,102060357900292751360,0
0x8335a0841E8A031A984E51BD53334C182b313274,601.20,601.20,0.00,0.00,601204986859160600576,601204986859160600576,0
0x842256DaC412A0865ac21F9FC6500492D09e0E94,"4,811.41","1,952.85","23,949.02","19,159.22",4811406772561564925952,1952851693140391231488,19159216350007866584879
0x84294BB21adc7D5204c8a367C8416b6422f2BCfd,30.80,30.80,0.00,0.00,30802471428302426112,30802471428302426112,0
0x84bA38696f4F2dbCb88Ec2C5F82d24A074d2E6fe,"61,347.28","16,086.82","379,192.85","303,354.28",61347277623398213091328,16086819405849553272832,303354277597511124788847
0x84bD81323caaBde701AF2d8310578AD5061a2290,1.01,1.01,0.00,0.00,1008222912088142336,1008222912088142336,0
0x852a79fDb312fD2aF3324CD8F4052F0B3c9C64B9,307.86,307.86,0.00,0.00,307859726929773330432,307859726929773330432,0
0x86282134CE9fC4Ac724B84b93D6D5b41cE59a40d,71.98,71.98,0.00,0.00,71983952186458787180,71983952186458787180,0
0x867A57860fD469eD97aB80cB6A097a30dc128caA,356.94,356.94,0.00,0.00,356940892308475478016,356940892308475478016,0
0x86d4c1198FD8d7f7D646e9E422AF5c560619Aa52,1.01,1.01,0.00,0.00,1008222912088142336,1008222912088142336,0
0x87aD8471674c867208c8a79df918e3419A3DA965,68.91,68.91,0.00,0.00,68914280927403556864,68914280927403556864,0
0x882664b6ff96Ed044F7C057d1b1d3b2269e532B2,1.01,1.01,0.00,0.00,1008178121643629184,1008178121643629184,0
0x8888F13aE110149D8c3D2c2015CB175aea9F3c39,77.54,77.54,0.00,0.00,77535823862912332786,77535823862912332786,0
0x889AD622CA26b3F279667eb5Aa69e77769DC823d,891.83,891.83,0.00,0.00,891826960186507526144,891826960186507526144,0
0x88ddee01aE4F6775d732e53C6e0fB73a61af0313,86.86,86.86,0.00,0.00,86861301375956533248,86861301375956533248,0
0x898ec6E7967Fb12a68B69226C07F6F2f934c026B,1.01,1.01,0.00,0.00,1008222912088142336,1008222912088142336,0
0x89eBCb7714bd0D2F33ce3a35C12dBEB7b94af169,"2,318.53","1,329.63","8,285.01","6,628.01",2318531963842950070272,1329632990960737517568,6628009201623408530187
0x8a0fCF14276329C30324C464185B6E30EE2a5DdB,"3,379.76","1,594.94","14,953.25","11,962.60",3379759822368057851904,1594939955592014462976,11962599643271068290402
0x8a14ad78280f84Da7E2b623D30094eC4bCAE7fdA,10.24,10.24,0.00,0.00,10237835402849794048,10237835402849794048,0
0x8A9b7145bc7F7b2A530F188a4Fc933F66F5cfe12,"9,895.56","3,223.89","55,895.37","44,716.30",9895561919792517480448,3223890479948129370112,44716296513702333179195
0x8AcF01606ec48df06ed7D1fB645435aE0482a63E,1.01,1.01,0.00,0.00,1008222912088142336,1008222912088142336,0
0x8B620586f7a6063a966Df30E9C9872A0b4c2232E,99.62,99.62,0.00,0.00,99616447712287375360,99616447712287375360,0
0x8c04a5777Aa418f6b40A33E1984E605067bd2043,350.83,350.83,0.00,0.00,350831990362547814400,350831990362547814400,0
0x8c061Fc4625Ab8244ef1B9Bee7004F5f791F4dB9,"631,895.13","158,723.78","3,964,237.13","3,171,389.71",631895125842561184301056,158723781460640296075264,3171389707653625256205040
0x8D5681e37FcC00Deb2c824131FB4Bba723c04aB2,0.16,0.16,0.00,0.00,156042831734846321,156042831734846321,0
0x8da02D597a2616e9eC0c82B2b8366B00d69da29A,510.30,510.30,0.00,0.00,510301789501463724032,510301789501463724032,0
0x8DDa9F7b1e658e7a6badE6088D04FE7847A8f349,1.01,1.01,0.00,0.00,1008178121643629184,1008178121643629184,0
0x8de2897bA83c22ca43615BDFA1D27D8FD159ee7d,1.01,1.01,0.00,0.00,1008222912088142336,1008222912088142336,0
0x8E3b0d68B31a809eAe55278A0E163696ce9f09d7,"3,385.56","1,596.39","14,989.71","11,991.77",3385561864419855427408,1596390466104963856852,11991765404255305432680
0x8e3FAbF5A1E4B773C227d2646EB2470263D3a1bF,"20,097.53","5,774.38","119,999.57","95,999.66",20097532160341796978688,5774383040085449244672,95999658982951392319142
0x8E8b5a9b79E65F06B9Bb9Fc397eF9dD8Dfb63b3E,233.13,233.13,0.00,0.00,233130852968647852032,233130852968647852032,0
0x8ec62D3d70C1A27b68B396851367a4f17b096FE3,21.14,21.14,0.00,0.00,21136941089567981568,21136941089567981568,0
0x8eca30817d4d5eD120b5e0777987ab7B7fe3fC13,892.24,892.24,0.00,0.00,892239253309403693056,892239253309403693056,0
0x8F1fDBc2a85C88344079028901DaedBb7b1a7128,1.01,1.01,0.00,0.00,1008222912088142336,1008222912088142336,0
0x8F265B4e08eEe526C5726EdbbA21d9DEb0b739e9,6.27,6.27,0.00,0.00,6272237742779290624,6272237742779290624,0
0x8FF5dD6837A0398824f8b817dE98Bb79c0536B33,1.01,1.01,0.00,0.00,1008222912088142336,1008222912088142336,0
0x8ffB65E51D3A9427A086a9e5c8A2e99e73aD6cE0,66.08,66.08,0.00,0.00,66082393826038939648,66082393826038939648,0
0x90b18273273738AB7b0e0f713411FF0a293729fD,36.53,36.53,0.00,0.00,36531123733197389824,36531123733197389824,0
0x912AF00Afd99D1b101eB533AbaEE7A06Ed814aCE,"1,184.53","1,046.13","1,159.51",927.61,1184531574836741537792,1046132893709185384448,927605101391127033136
0x91Fc39cf206558CE3A2274e7992517dB84C5a5B1,54.26,54.26,0.00,0.00,54255803421552648192,54255803421552648192,0
0x9213298dCA1bA339c49a7782dB2803dE91937Ca6,167.06,167.06,0.00,0.00,167060933904253452288,167060933904253452288,0
0x9224bbB4E0fBE2f2f8fab55DEbC41Eb21fDfB804,"7,710.05","2,677.51","42,162.70","33,730.16",7710052461406083612672,2677513115351520903168,33730156474896532905522
0x922ef485a31f7Edbb668c8C82D4d594AdA8E85D8,204.38,204.38,0.00,0.00,204375459066266779648,204375459066266779648,0
0x9283099A29556fCF8fFF5b2Cea2D4F67CB7A7A8b,"3,648.36","1,662.09","16,641.01","13,312.81",3648361779222274899968,1662090444805568724992,13312810552390792057479
0x931F50637c31f62fA4041290DBBF7bD30979C151,5.57,5.57,0.00,0.00,5568569735560394752,5568569735560394752,0
0x93B0cCF2090F970b086f2320D15B09308005596d,100.19,100.19,0.00,0.00,100191039535244296871,100191039535244296871,0
0x941E19A89993a2Bc00D57D5672749b93Ea670411,"4,983.27","1,995.82","25,028.95","20,023.16",4983274221132167774208,1995818555283041943552,20023161299256875540589
0x9447600258b8CF953002E87a1DaaA85949af06Fd,79.85,79.85,0.00,0.00,79848825236322651107,79848825236322651107,0
0x95046731575eE1019dC04D88c926e065cBab8618,"1,701.16","1,175.29","4,405.72","3,524.58",1701156372012618481664,1175289093003154620416,3524579618025897193351
0x95B96E25F56CbDB9C0D9B26FE49275B9FAb4Eed0,107.29,107.29,0.00,0.00,107289770684227616768,107289770684227616768,0
0x95cFaDDac52b76DA6e858Dd0896a46fcDf79E486,"3,733.85","1,683.46","17,178.20","13,742.56",3733854019770180960256,1683463504942545240064,13742563772303188473136
0x95f1872c2c63f54072BD42F68BeEe71E0D6f67d3,25.62,25.62,0.00,0.00,25616139846585786368,25616139846585786368,0
0x96d3C32CAA04B91247c62868f6388151E9d7c835,1.01,1.01,0.00,0.00,1008222912088142336,1008222912088142336,0
0x96e745a093C07aaf4a4eC3e0884C9c39D832D859,29.08,29.08,0.00,0.00,29083219148711202816,29083219148711202816,0
0x96FEb7b6F808dd2BBd09c9E5ccdE77caBd58d019,"50,321.62","13,330.40","309,912.99","247,930.40",50321619965307764342784,13330404991326941085696,247930395267967984296836
0x971E61B7C9fc0CBFBba6C8743eE2bdc4a8Fa754c,138.30,138.30,0.00,0.00,138301515367172243456,138301515367172243456,0
0x977Ce470898DCb619b997DAAdfa8557Dfee59034,"4,292.20","1,823.05","20,686.60","16,549.28",4292204217386615177216,1823051054346653794304,16549283934584191574477
0x98404935fbBfB6f1B44c22Fc9f9c15E58B626de9,1.01,1.01,0.00,0.00,1008222912088142336,1008222912088142336,0
0x998056659c48a3e2854Ee3E9AeB95660f6608aFf,249.92,249.92,0.00,0.00,249924962845181247488,249924962845181247488,0
0x99962e7D109833dFc78530587ed71270A6060040,"1,326.10","1,081.52","2,049.04","1,639.23",1326097165589058945024,1081524291397264736256,1639228379301569763860
0x999aD0e89006AB3F6928839D081EAf8b9AD61a8F,99.95,99.95,0.00,0.00,99952241373603774464,99952241373603774464,0
0x99A5A6010e81d3Efa13d5832043E9C3B6c11Ef3d,533.52,533.52,0.00,0.00,533516850510536310784,533516850510536310784,0
0x9a567a640b2Fe21d90a05271ade593e9C74812A6,24.51,24.51,0.00,0.00,24511227770760843264,24511227770760843264,0
0x9a8907e6DEA278196001777EF7A2187Ce5cEC478,39.72,39.72,0.00,0.00,39723486930361720832,39723486930361720832,0
0x9A911A489af5A2b5B307cEe438641C0f680465D9,"2,428.81","1,357.20","8,977.92","7,182.34",2428805963388236595200,1357201490847059148800,7182335606844352857908
0x9Ab1A23a1d2aC3603c73d8d3C1E96B7Fd4e7aA19,5.11,5.11,0.00,0.00,5112687795787549696,5112687795787549696,0
0x9b0c19000a8631c1f555bb365bDE308384E4f2Ff,"60,703.11","15,925.78","375,145.24","300,116.19",60703114761360388390912,15925778690340097097728,300116193505497930919463
0x9BB6aCEE72Ef687E9e0bB1B78C908526D967B745,49.91,49.91,0.00,0.00,49906103985928716288,49906103985928716288,0
0x9bc070297B840F70e5137C1Fe0504889F6871573,1.01,1.01,0.00,0.00,1008222912088142336,1008222912088142336,0
0x9c00D7E3946687117e7A9224DbED062984F322FC,30.57,30.57,0.00,0.00,30571738052887662592,30571738052887662592,0
0x9c1DA680B09A1b803F87478C359eaFcD5c895A65,"28,660.28","7,915.07","173,803.73","139,042.99",28660284996637970923520,7915071249159492730880,139042987583635912819302
0x9CA0B79F482d9351EEC1C4377c80BAa3d8008171,8.69,8.69,0.00,0.00,8685538300365411328,8685538300365411328,0
0x9cB9A28C08C289372178809714F7286C7B9873Bb,"1,133.88","1,033.47",841.27,673.01,1133884840273905582080,1033471210068476395520,673013607274994547989
0x9CebbE3A0bB2B508E9a29C8c9F10A503ED7299ce,"1,638.26","1,159.56","4,010.50","3,208.40",1638257583923001556992,1159564395980750389248,3208399382990959569329
0x9Dd06ADed3583F233cdF231F1e9677ABbF5621F1,1.01,1.01,0.00,0.00,1008222912088142336,1008222912088142336,0
0x9Dd56BbAB471f13eF37C06C342C6d22E6EBF9429,"5,016.08","2,004.02","25,235.06","20,188.05",5016076100697477611520,2004019025174369402880,20188050104042280218766
0x9e8c608392cEc747eBd989Fc1e237fc5Abe51bc5,987.89,987.89,0.00,0.00,987886705821094117376,987886705821094117376,0
0x9efab36288565dC343b6909350767cb392AA4F69,"24,788.99","6,947.25","149,478.39","119,582.71",24788987078640274505728,6947246769660068626432,119582709845711835652117
0x9F79A95BcF083bd9b1206babd2e56c74372ce1a5,1.01,1.01,0.00,0.00,1008222912088142336,1008222912088142336,0
0x9fc8De33630C4b528187840607b3D4590c63997c,1.01,1.01,0.00,0.00,1008222912088142336,1008222912088142336,0
0x9FfD0a5b5438B95861167422E745D34d151bcc3b,213.03,213.03,0.00,0.00,213034187242542333952,213034187242542333952,0
0xA0168D37A5332275f77A7792b74F9E77CC63Db0f,74.87,74.87,0.00,0.00,74868893197683769344,74868893197683769344,0
0xA0DbD8124d84f05a447227C25694d959570B5bbc,952.46,952.46,0.00,0.00,952464838899557773658,952464838899557773658,0
0xA0e04247d39eBc07f38ACca38Dc10E14fa8d6C98,"59,819.79","15,704.95","369,594.87","295,675.90",59819792059515212398592,15704948014878803099648,295675898422496040877640
0xa14ed585B6a4745CaA6cc94952379853d93cb3D6,"3,568.43","1,642.11","16,138.79","12,911.03",3568434080628385251328,1642108520157096312832,12911029225678880284825
0xA1bD817e13ED6Bb524ED491cff76C83aFEC773Ac,108.27,108.27,0.00,0.00,108274653873761222656,108274653873761222656,0
0xA279A334d2Ca6bb76d3A09E6056D583A8aAaEB90,1.01,1.01,0.00,0.00,1008222912088142336,1008222912088142336,0
0xa299FcF51e6EE5030e13c2236e44aFE0B6fcA4bC,1.01,1.01,0.00,0.00,1008222912088142336,1008222912088142336,0
0xA2BF60058C0657C45FDd1741220b4A7F0DA91CA3,"2,112.15","1,278.04","6,988.21","5,590.57",2112149877915033272320,1278037469478758318080,5590565740189510417158
0xa2D823E5df8fAE7BF6139E57076630C736B30fbB,30.23,30.23,0.00,0.00,30230666081217839104,30230666081217839104,0
0xA315E1Dd4D89ac9D3B40F0cEfA4FA7A1c10c66ba,629.97,629.97,0.00,0.00,629965248807127482368,629965248807127482368,0
0xA3F6679520c137d993739F20457aBBACe6a01617,"10,614.08","3,403.52","60,410.21","48,328.17",10614083274193617551360,3403520818548404387840,48328166592796334876139
0xa4104c8457557CEBCD6F8a55bB223110EA4c324e,"1,123.39","1,030.85",775.34,620.28,1123393480347618770944,1030848370086904692736,620275537940442883431
0xa48C42B970F44EFfE6F99539f2444051e2a1a0Ab,1.01,1.01,0.00,0.00,1008222912088142336,1008222912088142336,0
0xA4f8665494516C328fD19DDcCD936ad8C1aAC829,1.01,1.01,0.00,0.00,1008222912088142336,1008222912088142336,0
0xa4FD228b199A1e2dd8C685a7442c4C703d62732c,14.18,14.18,0.00,0.00,14178411326674661376,14178411326674661376,0
0xA53593928285B65315C43d93c376DbA601A2b822,1.01,1.01,0.00,0.00,1008222912088142336,1008222912088142336,0
0xa53b465061c86f8a0497b85a16551FFdC87c9692,20.41,20.41,0.00,0.00,20405296808219246592,20405296808219246592,0
0xa5423f7077baAd06c89205F08FA499b4a75bFF96,1.01,1.01,0.00,0.00,1008178121643629184,1008178121643629184,0
0xa5Ff245EC19298Eb972085B7271355288B39Df7F,143.66,143.66,0.00,0.00,143660201413832687616,143660201413832687616,0
0xA631FbD878c665A4A9f3f315d74d685bF81D3678,194.99,194.99,0.00,0.00,194989355217301209088,194989355217301209088,0
0xA6DE2e9B80eF5235Ce2240c2C2dE123e9cdd31b7,"1,716.65","1,179.16","4,503.10","3,602.48",1716653493662556366909,1179163373415639091727,3602480698705879860469
0xA76Ca190CA45DC1A0322259Aa6D5d92846B049c0,"4,610.35","1,902.59","22,685.66","18,148.52",4610346477132010487808,1902586619283002621952,18148524516414261835495
0xA7b63A01b8dE5b02A4eE0b49B7AC9CE312A648e7,1.01,1.01,0.00,0.00,1008222912088142336,1008222912088142336,0
0xA7C60A8bbF27715F33F6E8406B09BD53f14747f5,70.02,70.02,0.00,0.00,70017466175726911488,70017466175726911488,0
0xa7F1A2AB9765B757Efee758dd3d8e88BBa28B67B,15.30,15.30,0.00,0.00,15304548176138000384,15304548176138000384,0
0xa83b4153523b2a60062a83a2f86a0498047c0Fc7,1.01,1.01,0.00,0.00,1008222912088142336,1008222912088142336,0
0xa83c572C8072f3b11562F08B89d4F3077682acDB,81.74,81.74,0.00,0.00,81742544084532035584,81742544084532035584,0
0xA847cdCE7C27b42dC16Ebbc5C3FB4e8ed1Fb0A10,"8,108.75","2,777.19","44,667.93","35,734.34",8108751583274707451904,2777187895818676862976,35734341068740151400321
0xa856a5224Dac28B7dc16929D30ce38cf5FF2C62d,29.04,29.04,0.00,0.00,29039485017484316672,29039485017484316672,0
0xa8748b5c20894821C1A16E3c4c6500AAfa1E80CD,572.81,572.81,0.00,0.00,572811258887991001088,572811258887991001088,0
0xA93D2cBc25CAE1bd25DDcA3Ce80d41302D3C484f,493.91,493.91,0.00,0.00,493913987212504924160,493913987212504924160,0
0xAa638a9603D46cf4E07aF437cf57dba6Ca3241e4,1.01,1.01,0.00,0.00,1008178121643629184,1008178121643629184,0
0xAA8c151007b5263c7103adA239ec1a16d3C941A1,1.06,1.06,0.00,0.00,1063199644865576192,1063199644865576192,0
0xAaBDEE2b6dbbbd9048AC1d99BBcd306d6A7E9ad6,52.70,52.70,0.00,0.00,52695051325775790080,52695051325775790080,0
0xaB13156930AB437897eF35287161051e92FC1c77,"9,662.81","3,165.70","54,432.88","43,546.30",9662811388872084160512,3165702847218021040128,43546303898485677750563
0xAb1eE40e8D01ce977F8723F2cE6373C424C5031e,60.02,60.02,0.00,0.00,60018011583596453888,60018011583596453888,0
0xabEfd611A486b84F31503c361F6e3d0f3c14C074,"5,235.43","2,058.86","26,613.40","21,290.72",5235433591937033043968,2058858397984258260992,21290718458128517312171
0xac895Dc2deaaB8c5C40af5b13E28E83410cfD751,282.53,282.53,0.00,0.00,282532628499917570048,282532628499917570048,0
0xADD72b93b3cFd541E101f4886047B0A675115b98,1.01,1.01,0.00,0.00,1008222912088142336,1008222912088142336,0
0xAe1B3eB4E8b5f5c9E8213B87e4dA844b61FaA48d,"2,907.42","1,476.86","11,985.31","9,588.25",2907422545068640174080,1476855636267160043520,9588250058991153690080
0xaEcaeA22Cd213f0DF786AF9F8b7d2f651AF84D3C,"13,223.88","4,055.97","76,808.90","61,447.12",13223880641647432695808,4055970160411858173952,61447121187905995454798
0xAF60dF87ed5f6893f7CbA431E5BDA07BBAC0B9EF,"1,014.48","1,003.62",90.98,72.78,1014478540265114566656,1003619635066278641664,72780865943940516032
0xAfA98BA384612E3A5a8F2Ee47951323F6c02A00F,156.71,156.71,0.00,0.00,156712289245593665536,156712289245593665536,0
0xB07CC36fa7d15FE4eeb90e301f200C93B4f4E732,106.57,106.57,0.00,0.00,106570303743572017152,106570303743572017152,0
0xB08cDe7897e02c670865fAfeEB96527EFDb37C2b,130.04,130.04,0.00,0.00,130041378751808684032,130041378751808684032,0
0xb0b975ac6A2A8c8D6829880BE6A9F2b209311827,0.68,0.68,0.00,0.00,676916539878794240,676916539878794240,0
0xb391eBA3351AD7E1D39Fa28B3bc46D1606EB76f5,92.94,92.94,0.00,0.00,92939165326704295936,92939165326704295936,0
0xb3AEBa7fc075dEbCd37Bd6743f1dBc4FfD6baBfa,103.41,103.41,0.00,0.00,103413317077307621376,103413317077307621376,0
0xb4367aBE9d87C508eceb60c422cBBF8E34Aa8dc9,51.05,51.05,0.00,0.00,51046350263264894976,51046350263264894976,0
0xb45b653641A241e3D9a392435B082aDa7426D4AC,2.02,2.02,0.00,0.00,2016445824176284672,2016445824176284672,0
0xB52A42f0C0032bcBe8Ee448654F47E423CcbB3a6,348.50,348.50,0.00,0.00,348500698746419806208,348500698746419806208,0
0xb56238D0225c7E6155591916167C138A4Be2BABc,"1,463.00","1,115.75","2,909.26","2,327.41",1462999008381191323648,1115749752095297830912,2327407883953709736836
0xb56886CF3C89B12cf775B7E43B01963694FdaBCe,71.26,71.26,0.00,0.00,71261292469369266176,71261292469369266176,0
0xB584084314708Fc1f258Ec065E6e5FAdE0D9DdB2,21.05,21.05,0.00,0.00,21051803901694578688,21051803901694578688,0
0xb5E105b51f4A43905095f66FB51a20c4E7fB5AC1,1.01,1.01,0.00,0.00,1008222912088142336,1008222912088142336,0
0xB69994BC4678b5c0b20c958b748f9F5861fAE764,102.17,102.17,0.00,0.00,102169116751939928064,102169116751939928064,0
0xb6c13733e8BaFA3024889148Bba8693a41331B6B,320.88,320.88,0.00,0.00,320876435664476372992,320876435664476372992,0
0xb6Cc89Ee18DfEaC9b65E2257979Cb3fc0f6a82F0,290.49,290.49,0.00,0.00,290491620358966771712,290491620358966771712,0
0xB6E58769550608DEF3043DCcbBE1Fa653af23151,51.65,51.65,0.00,0.00,51653803475881984000,51653803475881984000,0
0xB7a9bD1d8a94d93Cd5c9eBFE6702aC1303FB238A,8.27,8.27,0.00,0.00,8265261393811822592,8265261393811822592,0
0xB7CbB68D685F3bD1A151663EB9679D64dFd94790,"20,362.06","5,840.52","121,661.76","97,329.41",20362063310141949739008,5840515827535487434752,97329406719882455122359
0xb7e1eB606a07b81A836bD19a244648640acFeE95,395.56,395.56,0.00,0.00,395556606295087054848,395556606295087054848,0
0xb84ec6b63029EE9b693Adc5a1d87c493A1CBdA2A,237.22,237.22,0.00,0.00,237218242049407844352,237218242049407844352,0
0xb8Aa5d63491c087D40Fee4311A89b1dCd74b0FDb,"1,788.87","1,197.22","4,956.90","3,965.52",1788874788797173989376,1197218697199293497344,3965523402130566300482
0xB8eC6d69e088D2BafF1d5C4Efc702A41C8146443,0.32,0.32,0.00,0.00,320892228750292608,320892228750292608,0
0xb92667E34cB6753449ADF464f18ce1833Caf26e0,"1,131.44","1,032.86",825.88,660.71,1131436834703133376512,1032859208675783344128,660707949244973407399
0xb97B580614f4A3189d15113E69E7bDf8234eF998,1.01,1.01,0.00,0.00,1008178121643629184,1008178121643629184,0
0xb9aa42cbd363D73E9fA77f53a4Ac8AF89b17B42E,550.83,550.83,0.00,0.00,550834856561246208000,550834856561246208000,0
0xB9Bee603BD1449ADeB9a9Babd73e9b19f4Df5D50,9.90,9.90,0.00,0.00,9903073217273208832,9903073217273208832,0
0xb9dA76e27fE60344BB54294a531be64e6420fC13,30.75,30.75,0.00,0.00,30754264826727043072,30754264826727043072,0
0xBaaEb7Aae88C94D682Dd779318c4fe0fc450eB3f,51.54,51.54,0.00,0.00,51542380555325661184,51542380555325661184,0
0xbaeeb704c5a74314DE47b9214D56902537fFA2A2,1.01,1.01,0.00,0.00,1008222912088142336,1008222912088142336,0
0xBb1B02d892575ccD9A436cFF986F2C3fDf0702d7,200.06,200.06,0.00,0.00,200064295302147604480,200064295302147604480,0
0xBb2Cd48f0dcF2593D21E1A9a6D58FD6B5960c7D0,1.01,1.01,0.00,0.00,1008222912088142336,1008222912088142336,0
0xbB2EDfd379634678CC22fbE21f633aF7fF3f6e10,32.12,32.12,0.00,0.00,32124251237052039168,32124251237052039168,0
0xbcA1b9e3258572933FE8f80509D51ab4e1D43365,1.01,1.01,0.00,0.00,1008222912088142336,1008222912088142336,0
0xbcBF774fAa5D7dDe131AE0eaC9e701384755d39C,866.23,866.23,0.00,0.00,866230533617914347520,866230533617914347520,0
0xbd071de4D984F91330d4fAb66c323DC94D38C220,28.64,28.64,0.00,0.00,28635428476700155904,28635428476700155904,0
0xBD1f7d88C76A86C60d41bDDD4819fAe404e7151E,203.92,203.92,0.00,0.00,203922883804697853952,203922883804697853952,0
0xBD3ed7668b840c8Bb30e000EC2b681D0B40D7399,1.03,1.03,0.00,0.00,1026361611820211328,1026361611820211328,0
0xbeBf972978830E2788047A7abE5eC39CB4b6076C,"1,002.57","1,000.64",16.12,12.90,1002565828151966564352,1000641457037991641088,12897929718330584879
0xbee01CAeEFa792FD883C74f88655FAC571990F6e,5.07,5.07,0.00,0.00,5065647274171623424,5065647274171623424,0
0xbEf31777d13bd5FAF521C4a658703D8Ebd234E8E,"1,005.34","1,001.34",33.58,26.87,1005344594330251558912,1001336148582562889728,26866258362524592386
0xBf5Cdd504b36408d3345cffb0B651Ef0f6205423,88.89,88.89,0.00,0.00,88887588647166574592,88887588647166574592,0
0xbf87ba343C62e93A063654c6Ec235cEB153Dfca4,1.01,1.01,0.00,0.00,1008222912088142336,1008222912088142336,0
0xbFA05260e8237d6ccdc3ef8afB54Aa3158DF2258,124.38,124.38,0.00,0.00,124380247824742498304,124380247824742498304,0
0xc0167Aac7Dc87DC225E39b5D9e014e343D06C2b3,"3,299.04","1,574.76","14,446.05","11,556.84",3299041421524086554624,1574760355381021638656,11556843606857003458230
0xC05D7410C3E84a5825f37f0546698b30F80aa5A3,1.01,1.01,0.00,0.00,1008222912088142336,1008222912088142336,0
0xC0F060dc090136e3972BF9068b8f2273327Eb51C,5.64,5.64,0.00,0.00,5644604019754708992,5644604019754708992,0
0xC0F9e8De7cE5ad40979de08b6b746BA47Ca608cC,"6,117.97","2,279.49","32,158.84","25,727.07",6117971665232022470656,2279492916308005617664,25727069362761507057587
0xC105A696ECC97ab7d6655Bf0E16d03f8BA9fb536,"152,184.12","38,796.03","949,967.24","759,973.79",152184120059091771981824,38796030014772942995456,759973793862726735833565
0xc11661F08e67cCEef4819BEea2Cf0D94008BA9b7,476.98,476.98,0.00,0.00,476984575720910094336,476984575720910094336,0
0xc14Be52005b1d95e0a2e44F474Ed1f1fA95eCF0A,1.01,1.01,0.00,0.00,1008222912088142336,1008222912088142336,0
0xC157227c7A11DDDb5EF159addB85755e6071dE6c,1.01,1.01,0.00,0.00,1008222912088142336,1008222912088142336,0
0xC165896160920cf5C3553746641f384e4d16D3FA,100.21,100.21,0.00,0.00,100213933792288014336,100213933792288014336,0
0xC1a5E5dD17DB38bF0925a0176BD7F0b8DB4C4656,39.71,39.71,0.00,0.00,39710958602743357440,39710958602743357440,0
0xC2B4DF14898F8496175fA79eed6738141Cf87487,1.01,1.01,0.00,0.00,1008178121643629184,1008178121643629184,0
0xC2dd2b0cA1Ad1448b9F6839A2EF7D9bb1129A138,1.01,1.01,0.00,0.00,1008222912088142336,1008222912088142336,0
0xC35e6BA6A7155e79678134DaAb650fd3937C8589,6.00,6.00,0.00,0.00,5995998154946585600,5995998154946585600,0
0xC3607624e3264992f6D61aE56C5E13b5B24e8f6d,350.39,350.39,0.00,0.00,350390833609051799552,350390833609051799552,0
0xC37d61FaE097fbB439F31052a589a4c5c655C0B6,30.76,30.76,0.00,0.00,30759155576034074624,30759155576034074624,0
0xc47c4c896Afe31e0c37ecDb54df7836313b6504c,532.76,532.76,0.00,0.00,532756607112884060160,532756607112884060160,0
0xC49F2F72D1E59e5f52d13E1c86F563D85b3DB1FD,67.23,67.23,0.00,0.00,67233970085409071104,67233970085409071104,0
0xC4d20A2e7Ae7Cf8e8927044d009A366B411A0e0A,"9,437.92","3,109.48","53,019.78","42,415.83",9437921985835646844928,3109480496458911711232,42415827676787768992600
0xC4f38Fa6974D4572D4F318911FD6Bfd6ee11A3BA,1.01,1.01,0.00,0.00,1013749725016901632,1013749725016901632,0
0xc524eC381b45D6FFccF88800f33ed4c039e508bF,633.63,633.63,0.00,0.00,633633949618287673344,633633949618287673344,0
0xC5BCC6C6da4996f1351d2F51c9570B5F60821c8F,"10,093.17","3,273.29","57,137.05","45,709.64",10093170387534254964736,3273292596883563741184,45709636666559592651152
0xC6596244587105b9D03ca815c6d18c7fb1f332ba,512.40,512.40,0.00,0.00,512398469559784046592,512398469559784046592,0
0xc6aD6bb64e432e282902ec3Ed07Ac9321E196835,1.67,1.67,0.00,0.00,1668137453597212160,1668137453597212160,0
0xC714F95245BA246FBC909160BC280c32ccc08FDf,3.04,3.04,0.00,0.00,3041772611461069824,3041772611461069824,0
0xC74219597Fc86b0f4644c1384c22E97800B5F9AB,1.01,1.01,0.00,0.00,1008222912088142336,1008222912088142336,0
0xc86115b1DE5D755e883aA778a9a13EEACE706087,"7,203.14","2,550.78","38,977.48","31,181.98",7203136157722633830400,2550784039430658457600,31181984707050773276139
0xC8a5BCfb310A2779493b5e207f77Af1e0e9402Bf,175.34,175.34,0.00,0.00,175337880198294241280,175337880198294241280,0
0xC8Aa3D70e3B235e6Be04dB0d9653002139f03408,174.62,174.62,0.00,0.00,174617020354586017792,174617020354586017792,0
0xc8c459BF26F847E0Bb8f7b58c88C71e9a185eeC3,"1,013.92","1,003.48",87.49,69.99,1013924203820356599808,1003481050955089149952,69994322153267090187
0xca2f5e2153da3b8f0EFe1DF57784cd0d1A4110Ed,335.33,335.33,0.00,0.00,335333364390803537920,335333364390803537920,0
0xCa36e629A41D8E69a36Abf805F5230970BAd6896,"33,119.58","9,029.90","201,823.77","161,459.02",33119580504255121850368,9029895126063780462592,161459017280102824314852
0xcA921C9e3c002B37Ba65540650CaE44C1399c046,101.07,101.07,0.00,0.00,101069596553799254016,101069596553799254016,0
0xCaD7E09492f9B1A121C6a4AB4538e6D92Abb5edC,145.33,145.33,0.00,0.00,145327787938451636224,145327787938451636224,0
0xCb344cb7A2aE598Ce71C16Ba20779a91D84a98AF,28.31,28.31,0.00,0.00,28307716120422564014,28307716120422564014,0
0xCb62bd24ec55bcc1955f26F3ACFA2CDBC7C26D2E,1.01,1.01,0.00,0.00,1008222912088142336,1008222912088142336,0
0xcB726F13479963934E91b6F34b6E87eC69c21bB9,"10,006.68","3,251.67","56,593.58","45,274.86",10006679648076491128832,3251669912019122782208,45274864182690136371474
0xcB991355f16a618073f79E6AbDBb50314cF45B1E,60.99,60.99,0.00,0.00,60990263388895371264,60990263388895371264,0
0xCBAd3F7f1Ca81887F4ef2e4e33f8165171b5a23C,"11,160.33","3,540.08","63,842.55","51,074.04",11160329147236139139072,3540082286809034784768,51074040619484613634745
0xcbF336eE5C594AA5b258D77653d75E286ba5500F,1.01,1.01,0.00,0.00,1008222912088142336,1008222912088142336,0
0xCc077166913316e9ECD700DD2f52eB539D700aDd,997.97,997.97,0.00,0.00,997969722848887439360,997969722848887439360,0
0xcd7F266F5440357a1Fa058bCc7C079afB6b85A57,"2,534.50","1,383.62","9,642.03","7,713.62",2534496612447541526528,1383624153111885381632,7713622381606274429597
0xCEE22dF072D7fB04570fEc0b684A9D02A4AB8899,1.01,1.01,0.00,0.00,1008222912088142336,1008222912088142336,0
0xcF6707D519dC79Dbd2a7C991735c514b4Fa724bc,1.01,1.01,0.00,0.00,1008222912088142336,1008222912088142336,0
0xcfe772359db751F44b24Ff72B4A74F68A2f8675a,"100,102.40","25,775.60","622,711.13","498,168.90",100102400143016899641344,25775600035754224910336,498168901523208275676997
0xCfF16366b3aD1674F2284b82BeDe20BE3bf01084,755.32,755.32,0.00,0.00,755318823126123675648,755318823126123675648,0
0xd0975bb532Cdd28080b3B3179ba68B872142a8a0,1.01,1.01,0.00,0.00,1008222912088142336,1008222912088142336,0
0xD159DE3C562B4E1221ae435Ef34761F99A9Cc969,67.91,67.91,0.00,0.00,67909404637145030656,67909404637145030656,0
0xd18E4e9FE5e534CFE4E42a8643d9c81c53e5bb29,54.95,54.95,0.00,0.00,54949876697551126528,54949876697551126528,0
0xd1FD6b7d78361d24875E11bB97BA282fB52C5003,52.40,52.40,0.00,0.00,52400754470107455488,52400754470107455488,0
0xD26d9CFE022332f830BBc4D54885f25C867e4885,313.23,313.23,0.00,0.00,313226056163823058944,313226056163823058944,0
0xd3092810BfC5CC9393068840450c1dBCd42038ae,271.68,271.68,0.00,0.00,271676382368269631488,271676382368269631488,0
0xd39B6849d2e1dB20BAb50dd7A4F3e0882c744404,"6,038.58","2,259.64","31,659.97","25,327.98",6038579251876037918720,2259644812969009479680,25327978813049788465415
0xd41b9F3Ee050CEeccBA79E361D6c5ea45Fa50E21,1.02,1.02,0.00,0.00,1020264840410962304,1020264840410962304,0
0xD440E7ead01720A33F2C888d2eddd76595491Eb6,"50,058.37","13,264.59","308,258.86","246,607.09",50058369818925130055680,13264592454731282513920,246607086891379675212868
0xD5472c60b7CA053a97000BDB6eff3C0CF32b9616,"194,760.00","49,440.00","1,217,493.32","973,994.66",194760003835894949740544,49440000958973737435136,973994657352018849231957
0xD56179B525DC0069f98c2374DBBC3cec6dB319Eb,1.01,1.01,0.00,0.00,1008222912088142336,1008222912088142336,0
0xd58d1aC0b3FbF661D5867c22eE9Ef7A5D5fBFb2c,1.01,1.01,0.00,0.00,1008222912088142336,1008222912088142336,0
0xd657860fC512EC2250A7385A353f599e3276FDDB,"1,356.59","1,089.15","2,240.61","1,792.49",1356586233218419130368,1089146558304604782592,1792491118725297237104
0xd69F81919D279a695DAC1a0636383EeA86C000F8,153.33,153.33,0.00,0.00,153329103685281546240,153329103685281546240,0
0xd7Df465c5223e4EDAC8fdE5B3dcD97A107659a94,25.32,25.32,0.00,0.00,25321823943774756864,25321823943774756864,0
0xD827eb2673D3Dc1a7F886413f6f0950Ec2fbBc98,313.60,313.60,0.00,0.00,313598313942731915264,313598313942731915264,0
0xD85A569F3C26f81070544451131c742283360400,13.32,13.32,0.00,0.00,13323879516515176448,13323879516515176448,0
0xD8ab783d0B29d69E5632087051F55ab6ced2A1A5,"23,050.96","6,512.74","138,557.49","110,845.99",23050962004336644718592,6512740501084161179648,110845988627697610850831
0xD8E6abf84f42Cd280542A150258185BE33eacD00,97.15,97.15,0.00,0.00,97152238535529463808,97152238535529463808,0
0xD97DAc3d4348A99d52bC1de369Fc45E6f1f38954,10.10,10.10,0.00,0.00,10097950263744653312,10097950263744653312,0
0xD9Ea7bFd7cE30A5e1F4Dcd7e2f85cB3E373835bF,356.93,356.93,0.00,0.00,356932718339838574592,356932718339838574592,0
0xD9ebacEE08B82aDc03599DD602CE212Df9a4fe29,70.82,70.82,0.00,0.00,70821757292736331776,70821757292736331776,0
0xda44CF98e1d713C37459ba293e31898eB21022E3,1.02,1.02,0.00,0.00,1020264840410962304,1020264840410962304,0
0xdaB85CF8E40035Ad9BEF7EBdcE550aCE4Cc506EA,1.01,1.01,0.00,0.00,1008222912088142336,1008222912088142336,0
0xdaF8f86d2418eA51CF0169Ee8aD0B08dD6C307fB,37.84,37.84,0.00,0.00,37837735204822228992,37837735204822228992,0
0xDB2077aFe077f4Fb1809582A03C7a5C7Fb292d5B,113.25,113.25,0.00,0.00,113250150640116088832,113250150640116088832,0
0xdb527a9f967d22B9A2801f21DcDaf819fcD9509E,76.34,76.34,0.00,0.00,76339322314054909952,76339322314054909952,0
0xdB692dA1ac47a5190932A255415eb2A57AC0e3E0,1.01,1.01,0.00,0.00,1008222912088142336,1008222912088142336,0
0xDbC594FA8CF862F51Ec76156A29Fd54cbbdc32a8,844.79,844.79,0.00,0.00,844788996120862793243,844788996120862793243,0
0xDc3DCaC0F2c9f8D35A47FE7406F1054a03A70883,53.69,53.69,0.00,0.00,53689131614368987885,53689131614368987885,0
0xDC90062b1202CF30cf2fc6b2Cca007aF94c8F231,442.75,442.75,0.00,0.00,442751764382950359040,442751764382950359040,0
0xDda54aF784A7eF61527015e603599bb6Cf3b2B41,150.46,150.46,0.00,0.00,150455559873382973440,150455559873382973440,0
0xde7245952B0fc83f4d098712DEe174fA54DF0e2c,"4,788.80","1,947.20","23,807.00","19,045.60",4788804431933194895360,1947201107983298723840,19045598685991261203217
0xdE765353A18a4B4C632efc3842069e927Df75082,145.30,145.30,0.00,0.00,145298604250714144768,145298604250714144768,0
0xDF632eA5Ba8283488aAe8538e17a2F802243A61A,13.56,13.56,0.00,0.00,13558762863947573248,13558762863947573248,0
0xdf7B7a89d5884d3d34c203C0AF14A9555584014C,1.01,1.01,0.00,0.00,1008222912088142336,1008222912088142336,0
0xdFaD809A12325C3D990e681629b58D64600e6a4b,109.81,109.81,0.00,0.00,109807538843263172608,109807538843263172608,0
0xe0A73dc087C0c939EEF35B8A7322Ee15332798E0,18.53,18.53,0.00,0.00,18528073191973928960,18528073191973928960,0
0xe0d4700D6234b554BFD25dB58954D0f570a1ACBa,1.01,1.01,0.00,0.00,1008222912088142336,1008222912088142336,0
0xe0E6A696cD5E0222E3A6af2b331df0bbad9Aaa67,1.01,1.01,0.00,0.00,1008178121643629184,1008178121643629184,0
0xe259EE56f5D07b346A9015dA08B8de01e31798F5,"2,837.22","1,459.31","11,544.21","9,235.37",2837222319793605443584,1459305579948401360896,9235366889042922806219
0xE2cbB77f6Fd917Bc24585D3932B8e293933D9d20,2.22,2.22,0.00,0.00,2217450994814488320,2217450994814488320,0
0xE2DCfB3621fd1970B4289f1F8251C6d1EfB9d0AF,109.35,109.35,0.00,0.00,109353573616276684800,109353573616276684800,0
0xe2f5D180626D29E753B9b1CE6e833BE01DEB36e2,176.92,176.92,0.00,0.00,176924271115268521984,176924271115268521984,0
0xE2Fa5276fe34BD0e743D5DCCc9Bd8F5B88Dc0e07,35.69,35.69,0.00,0.00,35693757201534697472,35693757201534697472,0
0xE33faaC5695F8aF1C646d2C29fbCf3e1eB39bd8d,"1,797.09","1,199.27","5,008.51","4,006.80",1797087053302511960064,1199271763325627990016,4006804892606460925254
0xE346ddbF78C6fb54202D9327a133f4df05281DC9,1.01,1.01,0.00,0.00,1008222912088142336,1008222912088142336,0
0xe34e1FD01F5D2d5533a586941F22dC8D4894a0D3,100.19,100.19,0.00,0.00,100188225402497810432,100188225402497810432,0
0xE42f57824760A9747595813e6e9B9f382a435286,1.01,1.01,0.00,0.00,1008222912088142336,1008222912088142336,0
0xE470aa089598Be924E1C06CBd645048617AC2403,3.92,3.92,0.00,0.00,3916552163334541312,3916552163334541312,0
0xE495A16aC715f593301872BEe1736073B7a8a242,10.20,10.20,0.00,0.00,10195246989790167040,10195246989790167040,0
0xe551Fc8D2CE70713F0d4874F21Da7fd69fb5E3D7,99.82,99.82,0.00,0.00,99819407995080065024,99819407995080065024,0
0xe56de4AfA17F255503347de1d29960b7a41aB832,105.06,105.06,0.00,0.00,105060479780643225600,105060479780643225600,0
0xE5cc36B7096aD813dafd2767078AA01a8f44F04f,103.39,103.39,0.00,0.00,103388717877733146624,103388717877733146624,0
0xe64067D3D7fD15e6Bd46bAfCea20d5715f08e9F0,1.01,1.01,0.00,0.00,1008222912088142336,1008222912088142336,0
0xe675689469168b09CdA52B5dFd3dD63BFc50E150,"10,077.21","3,269.30","57,036.77","45,629.41",10077211502760970682368,3269302875690242670592,45629414390554477290723
0xE69CBcf65ddAeAb83cE61923b1B0e1EEff45b9AA,"1,080.49","1,020.12",505.79,404.63,1080494334225296785408,1020123583556324196352,404629696172738532546
0xE719e8237a5EBEC0f16819a62420b7C19D2fE8d9,1.01,1.01,0.00,0.00,1008222912088142336,1008222912088142336,0
0xE80fDb22525e331ec5303c7856E1eeeF46cc752C,"200,879.33","50,969.83","1,255,944.17","1,004,755.34",200879328649374834098176,50969832162343708524544,1004755338384927115104772
0xe810257d3F627e4749e8dFeD86c00Ce167EDE267,0.09,0.09,0.00,0.00,94808697033140992,94808697033140992,0
0xe83Cc017E8E192BbBE6a8f3694eDC87e913aEbB0,"3,107.36","1,526.84","13,241.60","10,593.28",3107356165405796204544,1526839041351449051136,10593278311356214164932
0xe8492185D6c7af4e481cA8782Cf13C5fdd620C08,1.01,1.01,0.00,0.00,1008222912088142336,1008222912088142336,0
0xE861d66727DB7C3920D3F809D0106E19B45f99D3,"1,013.92","1,003.48",87.49,69.99,1013924203820356599808,1003481050955089149952,69994322153267090187
0xe8e7d0e2F83A8FBc9A55B8b49BB54c27eeA38ff0,0.22,0.22,0.00,0.00,215136314683106976,215136314683106976,0
0xE900AaE6Cf807DE363b09a2553C5dc3eD6EF9d50,"31,976.04","8,744.01","194,638.35","155,710.68",31976044577796208459776,8744011144449052114944,155710679848171289174477
0xE92c0856CF3e27873137B17716F3b47e02E712F2,11.36,11.36,0.00,0.00,11358417036515995648,11358417036515995648,0
0xe96f8686dB7848BBa74A8ABE230FB16d6662d921,1.01,1.01,0.00,0.00,1008178121643629184,1008178121643629184,0
0xe988Eb0FB728b723988A4E75B1b9989A7a589C15,"36,005.49","9,751.37","219,957.44","175,965.96",36005494153198904016896,9751373538299726004224,175965955863935509468310
0xe9D390a9F319b9fc2d9C750bDc721919Cee6E777,4.36,4.36,0.00,0.00,4363346424837220864,4363346424837220864,0
0xeA2f3a1A218eC6F67530485ea1e18A3728E1c155,39.08,39.08,0.00,0.00,39083316770670845952,39083316770670845952,0
0xEa5Aa17751248DDF6251589cb8917367dD95003A,"10,854.90","3,463.73","61,923.40","49,538.72",10854903232869167005696,3463725808217291751424,49538722685334284546058
0xeae57ce9cc1984F202e15e038B964bb8bdF7229a,0.51,0.51,0.00,0.00,511753605011506688,511753605011506688,0
0xEB14EA0F0b9FA9Db03c2893C3D9C739bb41caAFc,"3,237.25","1,559.31","14,057.81","11,246.25",3237253797855949220471,1559313449463987305117,11246248983860334553310
0xEba14830c732AE1A1F9950Fe74deD0aDD270287c,5.05,5.05,0.00,0.00,5051713091597428736,5051713091597428736,0
0xec044C1E7D2f6Bd66e99af9221104c822Fe416C0,124.95,124.95,0.00,0.00,124954043021994295296,124954043021994295296,0
0xec27a00fC181D4D5eda51eFBc4A64048F88ffcBd,42.01,42.01,0.00,0.00,42009358852413325312,42009358852413325312,0
0xEcd32018C1bEEfdA73Ba604CCE93479e87745da4,1.01,1.01,0.00,0.00,1008222912088142336,1008222912088142336,0
0xEcFD360c5DB2917E5a95e81Ec141eB7db2a67eB9,67.97,67.97,0.00,0.00,67966776764611141632,67966776764611141632,0
0xeD41c7891E1d8dAf9b847bec46f7792CeCA04319,1.01,1.01,0.00,0.00,1008222912088142336,1008222912088142336,0
0xeD7d1cE0E2A3ea076f336E39ACe5A268Eb61547C,46.15,46.15,0.00,0.00,46147183268585644032,46147183268585644032,0
0xEE4a267E98260aCf829Ca9dC6c9f3d5d82183Bce,"5,102.73","2,025.68","25,779.57","20,623.66",5102732460211491045376,2025683115052872761344,20623655128408969732117
0xEF99c035Cd72f0fa6A8bc5664117EbA0EaB1ef40,1.01,1.01,0.00,0.00,1008222912088142336,1008222912088142336,0
0xEfcC0E753725A0fA7C6746a6bF6dB319Fa086Ed8,1.03,1.03,0.00,0.00,1025431263179380224,1025431263179380224,0
0xeFdE32Cf50E97cAE1F3221406104c140b890E072,0.09,0.09,0.00,0.00,94801604365841312,94801604365841312,0
0xeFFB00AeBb21C393A9bd4c9e8E83BfC04dA4ebec,19.18,19.18,0.00,0.00,19178656663637762048,19178656663637762048,0
0xf1128B06fAaFba7b9F7bC3A2a549196936b73699,"1,037.12","1,009.28",233.23,186.59,1037118467003585396736,1009279616750896349184,186587468181561980911
0xf150bcd00da52eDCB790CF1cC730DB56193e2E3e,10.20,10.20,0.00,0.00,10195246989790167040,10195246989790167040,0
0xf1ec787bAF33c96251E7cfA4f13Af449d9B489E0,5.35,5.35,0.00,0.00,5353923912692444160,5353923912692444160,0
0xf21eB65114A5A82D0141E5352cbA297896d52011,"14,173.45","4,293.36","82,775.53","66,220.43",14173450470484237877248,4293362617621059469312,66220427968251866004932
0xF2BfE349b3f8f05C03f716e9a75F09ebF1032Ab4,1.01,1.01,0.00,0.00,1008222912088142336,1008222912088142336,0
0xf2D25fCb1d60213C5EEa0Da47D7c2801Bf5C23fd,"25,122.00","7,030.50","151,570.91","121,256.72",25122004451116753879040,7030501112779188469760,121256724787785290946916
0xF34Ff7E34Cb33e21e9f7658ce1d8ADbea30cB915,1.01,1.01,0.00,0.00,1008222912088142336,1008222912088142336,0
0xf35147A9a2B5EeB9AA64fcd0B911f977eD00A83c,100.14,100.14,0.00,0.00,100144397629423173632,100144397629423173632,0
0xf3ee4bbfaA69fe5081B88FEc67C4bcC6574559d8,1.01,1.01,0.00,0.00,1008222912088142336,1008222912088142336,0
0xF40850dC4884f711F93dAEe86525Fc991f484A6a,1.01,1.01,0.00,0.00,1008178121643629184,1008178121643629184,0
0xf47B25C9Aa978f080995FDcD0d1B04CE274747bA,10.26,10.26,0.00,0.00,10261239460212150272,10261239460212150272,0
0xF4b82cc1366296db241cD914F3A941A1ff2f1b13,66.86,66.86,0.00,0.00,66856806510066688000,66856806510066688000,0
0xf4cB1f0087730E9b6A62f2C0ea415A1Ef2A6400E,400.73,400.73,0.00,0.00,400726060991299125248,400726060991299125248,0
0xF522f08B8d6b6d2b1B975C0121Bdb4D9204B217D,9.95,9.95,0.00,0.00,9952346666130909184,9952346666130909184,0
0xF56a19C84ACa935Df574996A97D30963b07E1978,399.31,399.31,0.00,0.00,399306885365898870784,399306885365898870784,0
0xF57181E87afec93f224F1833107eEa6D105cA9eb,0.47,0.47,0.00,0.00,473726047217647360,473726047217647360,0
0xf5A80563Ed5cdf6EbCc32DE04816f9b04C3Bf3f3,75.57,75.57,0.00,0.00,75571247611180679168,75571247611180679168,0
0xf5f165910e11496C2d1B3D46319a5A07f09Bf2D9,"75,154.70","19,538.67","465,951.95","372,761.56",75154699868409109151744,19538674967102277287936,372761561000716031258766
0xf611DAeC05d5763a2D2749099F94e3F2496428B8,1.01,1.01,0.00,0.00,1008222912088142336,1008222912088142336,0
0xf6789DF3c5A090120faEC04cF8E89DA7508f420e,"67,322.59","17,580.65","416,738.82","333,391.05",67322593295617658716160,17580648323904414679040,333391052089230858157640
0xF6853c77a2452576EaE5af424975a101FfC47308,"1,799.12","1,199.78","5,021.31","4,017.05",1799124157042699534336,1199781039260674883584,4017045025348690688686
0xF71D161FdC3895F21612D79f15Aa819b7A3d296a,"50,090.20","13,272.55","308,458.88","246,767.10",50090202158483143393280,13272550539620785848320,246767102003098911159249
0xF72CD97a579fB4B06588812ad3bF3F9C739F02A3,"1,726.44","1,181.61","4,564.59","3,651.67",1726439297122131509248,1181609824280532877312,3651672069983905039785
0xf74196604f19108Dd721abAa16a9cD90f0A5d5bf,1.01,1.01,0.00,0.00,1008178121643629184,1008178121643629184,0
0xf7932941b3F98B4D55E0dB9dea546F7747a262Fc,"2,122.26","1,280.56","7,051.70","5,641.36",2122255022374705692672,1280563755593676423168,5641362377888936122680
0xF794Ca64a6a0B9953490933E5939f777Da524BaE,10.02,10.02,0.00,0.00,10018822540249780224,10018822540249780224,0
0xF83EA853e5FFb718f36A2202051dE850E2f9873b,306.47,306.47,0.00,0.00,306467634907724382208,306467634907724382208,0
0xf881C50e8e41999F1577167BA125552f3FB07e47,833.45,833.45,0.00,0.00,833447983284631896064,833447983284631896064,0
0xf8a099545c0f2c3D3E547C048c2F5589e53B54d5,354.86,354.86,0.00,0.00,354859300872537047040,354859300872537047040,0
0xf9303877F107F5cd2cB0654b6d7A6D749FA03856,"13,050.43","4,012.61","75,719.05","60,575.24",13050434321976429379584,4012608580494107344896,60575239554171059213726
0xF962e535a5BD0d91Ab666b3A9A7F387aF012344d,5.06,5.06,0.00,0.00,5063827664029049856,5063827664029049856,0
0xFa5Ec0f794D1A7b96b3eA6d8F8bD6474573dB0E6,"8,450.44","2,862.61","46,814.92","37,451.94",8450438752486355369984,2862609688121588842496,37451937428718274312922
0xFA823049D8548e0a09345F47A07f7f93341fF974,1.01,1.01,0.00,0.00,1008222912088142336,1008222912088142336,0
0xfa82C9f496Aa3a07A48e92481a0B237cA7514b17,108.19,108.19,0.00,0.00,108191572629004042240,108191572629004042240,0
0xfafE8B87D18d53e71aEcfF0467a0D67100C52D13,100.77,100.77,0.00,0.00,100770098349666107392,100770098349666107392,0
0xFB8b8bE489eB3799702f4A9CB27a1c4D81613607,1.01,1.01,0.00,0.00,1008222912088142336,1008222912088142336,0
0xfb98D40743FBB7101a98256126e10dA0c326F83c,98.99,98.99,0.00,0.00,98987529597586948096,98987529597586948096,0
0xFd46b8aA0c71ba34fbc5A827cb534e79D67D672E,"2,901.02","1,475.25","11,945.07","9,556.06",2901018495594747396096,1475254623898686849024,9556058121287269082252
0xfD4e7749ef6310980831EE271CCA0Ee5c4302c98,50.09,50.09,0.00,0.00,50089943807711780864,50089943807711780864,0
0xFD9E6005187F448957a0972a7d0C0A6dA2911236,76.06,76.06,1.75,1.55,76055451032179687424,76055451032179687424,1556310577600034316
0xFdbBfB0Fe2986672af97Eca0e797D76A0bbF35c9,"48,213.18","12,803.29","296,664.58","237,331.66",48213179094125131071488,12803294773531282767872,237331664347143755386166
0xfE5f8E2A71e45996f0e3d16104Ae861F01C81cB6,1.01,1.01,0.00,0.00,1008222912088142336,1008222912088142336,0
0xFec7CE89DC3dc1d708Ba82217f00332e28d69D4C,387.76,387.76,0.00,0.00,387756695293449666560,387756695293449666560,0
0xfEC7f6a021129F9786224Ba9dC25C9D420A0e68b,101.75,101.75,0.00,0.00,101751800901055037440,101751800901055037440,0
0xfF2BA846ab52EDBd724A5ef674AbF5A763849B61,0.38,0.38,0.00,0.00,383787375557555904,383787375557555904,0
0xFf6Df9431428110975268Ac5b732E23401Dd0D6B,"1,124.16","1,031.04",780.18,624.14,1124162481331878887424,1031040620332969721856,624141159510115050723
0xFFF1d706DC36bC56C759b9139f5d4578Dd163c01,"6,280.94","2,320.24","33,182.88","26,546.30",6280944666172513583104,2320236166543128395776,26546303616818935571903
0x6684977bBED67e101BB80Fc07fCcfba655c0a64F,32.87,32.87,0.00,0.00,32872716566590767104,32872716566590767104,0
0x1Dd01835E0Eb26ABe597e2e69FfAC1A6cd00283A,0.01,0.01,0.00,0.00,12945487197216518,12945487197216518,0