address,amount
0x17BAd8cbCDeC350958dF0Bfe01E284dd8Fec3fcD,13.298534922759556
0x3d89e78a9Feb7Be032D5aC01A10Ee2Ca97Ab35FD,9.298534922759556
0x13e563534de51317226cdc399a4e8738ac57350a,137.66271313530768
0xee9d544867761ec5b57c35c88d74e4c030d2052b,384.59657986738085
0x6af802985ce00f3d1d5519e0e857c316d0dc4de0,3279.010848852101
0x36d3e026c2072ff562fc544b7d6603fbb31cfdef,1.3976357158398622
0x88d5e0bf26fd4316a035e3bb5e9c2ff84f9578fa,1.79610976331821
0x3cb51b6999c2fb154594f36ccea858bfb2f89c3a,5.917074780233763
0x0e845014ae14032128da88b98ff67c0e864d6ba2,13.298534922759556
0x175e2b7546438a671fb8164044edcc82cfb8da89,9.533819895774144
0x834ff4c5007ee6d1e68f4f6c8baeecebd29326c3,3.1576551050174655
0x6a25942b911d9a44201cea078e81e38979899f20,1326.6479396251239
0xed3a59594453e557e5678d873ee9734a0b0fc22f,5516.791259806796
0x0548e2436472ba81911039304221ffa048edb81b,1.4123798151982747
0xcf5ca4235ae53c393b82d6076e727f71605f3d5a,1.062900347679888
0x4f1bfabdfc9dcf6de91ced9e40956483f9e38bd6,2.3995230795619342
0x76f13a0b43df339649f90ef4e07560e0b38bc5db,29.978298557712048
0xf2f5111a9d9db8599d3602f31479cdd253ed8fc6,68.25715138577168
0xa03b47368b005e90fc9ff609af2acc2438933438,43.18765599820329
0x4e31de1e171e4ef61d38434015b7549a34b76dfb,24.139272797082047
0x96cb284b730c2433763a12597155f03d4bde972e,34.94044628162769
0xb5e0994180955d0576e72a2e35c344c6bd1ae570,344.79128479461906
0x24ee32b8d6eafeafba2c17e231ccd01579cfd171,98043.87799758239
0xcd1ec0c6651d4c039ed4a514ce095531d9243846,719.2231543535613
0xb769aa3e7e02d0bdcb78d414996f76d08c36e250,71.26744555734655
0x4a799d111b91b393c9fa9d2ac0a57377715631a6,3.582267237000498
0x47fc6800c303d57fd9b6c500d8ef177538164cd6,8.455807268538212
0x1f373f320d24da089440729ed5586309af1e90ff,64.59409079622858
0xa547b50541ef7b54221b2a5a2077fc2922bd2f31,6695.613358554512
0xaa2e8601ad628739f47cffc9ba4edf2432bdf168,1.3330317827986409
0x96e08501dab6ec40d9cc12c49fe55c9fb4352cf7,440.29671714294955
0xc380913dde570d7ea2d1055ca551fc17567e07f5,14.894980141574296
0xd0d6ef2932d2a81df366d74eac52575004d5f383,664.5899189889552
0x00e022ad6cb2985a63eccac79f4ec082c758dd91,1.5019683276672517
0x096dd928e1927d737351760982e10ddf2c7030d0,8.52455985756328
0x4f3e171873163014355e354b4131339eb4284e79,3.8299763180934328
0x6f736db3e77d067816af17f8131707de8d10b6c7,5613.561055222568
0x54fcb50b9505035e83b8330f3695ad8c58e3a145,116.75708203513089
0x7449a0af8fa27d0dc6547173a3efcd21adcbe00a,1.1498234215997913
0x4dcbb504f45c12b9d2d6383bf88955df96271f52,10.999529819617543
0x1b7fbd4ea429b1bb76c193375b1c7c06cf39b507,1122.0690218596549
0x0228f28a9b3f7f0142fe8d3d60020a86cb4f0e62,6.784616749609321
0xdbfc1af727feacb453cf52771eadcb3bd83fecc6,39.3452288083082
0xc0c29648971e3645334280eef6771f8baa20983c,65.28006487953762
0xb48edbd780967ac2494138d242d776f1b36f945e,1.1324203584093975
0xe5a29d7f6d97c17af83562ef9dd08a80972c0b82,2.079318101315134
0x2ce2406311534f48e07ee5ea9eae85635a8f5f0f,82.48862662621228
0x65316a3e731c37aa2a8861205c4be772d61c03e6,41.195578804089145
0x573c37a7d1efe32cc16b48bc44039530c6a50d82,7.261405607235953
0x159ba3e4b1966711aa704f6237cd2e113683fab5,7.341869113813678
0x233105cda4b78635abca8ac47deac22aead871c2,2075.8143474348776
0x60e59b835e6fc732cc16d1108b9722d4c51b6278,13.791578131445826
0x9c81deb0b632d89dc4fa7ec810eaef4ff6581e73,17.921547519508483
0xc925073ae662fe2cb52a3687f3b7de70dec06ef6,158.7627806631114
0x3b4fb56a47ff3278019f4e39facd7bbe9ec9523f,1.1474424167030162
0x21bdc55ff36c59bb65cafb2c313ed785250f254d,1.4568126421268675
0xe45c751a1ef05230ca8704d8ef63bab456ceeb38,2.877995708609278
0xe05094b2d181ef99695960988cdd8e1631b159c9,1.5798079100234301
0x2cf3bfab2b916a931f96113a66c2306ff08d8ff0,16.008043821222138
0x3efd9e51c716cd12a0be2ca6709783dfebe4c430,1.3503919258904116
0x40a4088a53d3bf6e0c4802c6d5e41bc0091b45e1,3.7863376598888983
0x2fe03bd7daeaaf9a8b2b17f2003218b0c09d045d,16.00560502996908
0x2255500e11c28181ea70e9173891bf1fd9c8fa72,5.383371850321251
0x64e0905ee48c172eeeee055a95adc93bfca106e0,2.8577969082262316
0x65ee9417a3c565836d6a3f675d65377d575f1035,1.102664973913138
0x5f62cccd22a48168a90bd26630e39002dbff63d6,4.4497468113873
0xf3c8a1e4796de86170a9a9e7b028dc2b3c850d21,143.92907072227746
0x1bbd8a8ff6ddb06d87048c1fdcb4cd6709024650,1.194570365243816
0xe5a84ccb31086dd6f8d6b5a2c9d5e49230185b5a,2177.1727164346926
0x52f624f423253819c834b04e3e09707db6850a40,7.875982310527607
0xec920eed31afa71a4414306f3f445f7bf8e4d4a3,101.55279100340758
0x36167a2d9c505f51d2d2786302aea205f9472ac6,1.0400321190556563
0x8c3a766e9087af9387dade699328b063fdfab96f,1.0093934995823186
0x8a36130928ee5e2f0f069c688b3e6a9d351aed6e,56.17262428307006
0xce39454e23de54829bfd057e4faa2f3f18638ee3,152.04701610241082
0x64477b4e45ad863df18d520bbc0bd64348b54e42,3107.0773722012823
0xcc45860b742be1cf8053039eeca5aac9bdbff43e,29.138917113195472
0xa27c08ab8b443aa8c5ba94e3cc11b9a98856461c,2.1068003179632715
0xd5c93bdd920f03014c0a05329bf1b5f7d5b7eda2,574.5776450101927
0x3b0ed48dd2ca9a6dfe1f97fa2654ffc0653dea15,3.939205670272698
0x6d5dffd9a218be018f7ab7c1bb54a9dec73dc878,1799.0285073171851
0xc0a008ef5a7ccf293f16b6d53ef4a0029141d0b4,8.989732474245622
0xace1541119acc04f95d8ee2663f040ab7a304f38,32.79149320056162
0x52dd1737571e6d93ab578c8bc20d0006da174899,2.157266570310858
0x8b3337fdc653949cdd924142c5ab01a1a407b154,34.75625063178679
0x7acc8924fd5230738ff3b27c1e10c87cc7b0e6db,40.02922774417217
0x3375a46ba6512fb1f6228e931f76dd9f02ee1613,236.86305239188772
0x285772734219940657f3cf9c52c5722bc4a520d2,1.466036033457357
0x9b83d1072b2ad81e0d34dadc813606d99dac93e6,1.8004087006887353
0x5fa3832a1df23fae74ba314802805bd063d9f1ea,25.241415797766447
0x4a018be3c5c00d072e0ac782f8162f5e4b2c820c,1.0091871906743262
0x9720d1d7c0a624063750c82540c631c341024b30,2.6512838625527912
0x46da4e69182f6e7ccc7ee7af30e67a20b9ac8327,1308.576944550365
0xc82bd2acf342d15fc2878a11bd4702850620b091,2.7125372088430155
0x879b50a73c1a632c25a4ec79474f9210d0ee713f,1.5453086909826301
0xa9ee4c807b580dba5c9d58ad0bda5f8458fb5fdb,18.361156556194697
0xe9c706f3951906e6fadc55f72720bfbd9636ef3a,12.074488654851015
0xf2380c04a2c5ed1153b21df20d609ddaad1c2618,23.507141137588945
0x50348a4ad46231a260913db3511106b58708faf4,129105.16919171388
0xe3d139e8ba3f2d9b9db5012ab78e4960209219f4,3544.053941058069
0xf36e74043f7dffec4fdea11478938a46d873997d,88.34289201058051
0x34979ebe0afbf98113bbae703761be6b682bed27,356.597459177982
0x4f738318233c9902cbad6b9ba7ef14fb7be256f6,33704.67982353505
0x09c19fa57e45fb6d5f402142b889238f55e81050,5.297276366714451
0x924530ae11e7a0fa9d09503158a6aadb62a967b6,1.171652804545224
0x811462f1d8bb24645e53573a4d3c86d960f65f90,8.122733974508652
0xd0e641ddc3ff274f152e8881f27c9b8fffb87dbd,592.0585957369689
0xe52acbe2a4b770f2b7a70b19f0e4b0928181b204,83.42021929957076
0xf1829ab9db2a6fe4db5aea9297d9b0b30915fe1d,1.9240601538938091
0xc6c423f376b15a44e75c713e330f611d86702ab4,1.071111565732759
0xdc7f1d906093b044af9f3697731df4beb227aa4a,13.283380500844642
0xc353f935a8c8e62536a767c57b17e5ad0c72d68a,1.941749389098078
0x1598699ca49fe8f617038ac901d186722d7d5a69,1.0397768753448415
0x92a5d4a41ac3671638aa6962932f3065f4dcd43b,3.002677768906889
0x2dbb810b8bed25411d9a9fb033272420d359dea1,6.117609329895267
0x7783e93fcc5387f279c13d2cb390b0535ab89b4b,3.9177084754312226
0x4d46794a14cc2983f81f887ab238bbf97f8d97cf,1.5929681462963072
0x030e26518d34bd50541428deb5be7407f94ffe8c,5.996948379382147
0xa9b67fbb7a1d2abf7afda56aec3722ec48d774d2,3.725189173869846
0xa6be30c70a90a7b918c138d386be8e8d085908ab,1.493761649098934
0x4a03fa868043dddaf70d43de4ac8c3e3e6b32207,1.7204649466764619
0xe1af742f1f3630c37bb6084131f09230885cc626,2.201074604275791
0xe87ab10d2cbe74325aaffe60057664d9ec99a595,1.1959621551533641
0x45e1a17e55b5549074a91861307839033cf580dd,13.437441492264925
0xfbce3aedc5813eb38afa9bde4e322573deaa8760,32855.9727882612
0x6d8354bd45e1fb5a040414bdcfa3fd95b1866bda,1.419858872166588
0x61b849c06464f15fbdc76edddbb43459749d78bb,30.07012584658235
0xb320a9cbbba00a1e4ea31ef338939945a143daf4,29.036061214457597
0xdbff498998000b42e3d8cf04ae1e9b9ddd511028,27.76040170742489
0x7b2fe6923a1aeea2a90a79479f75dff65983baa4,323225.1772440171
0xa6185d9ef8388bb608eed80bf379e37d3f3640e3,5708.396016147265
0xcfc79d290b9ae9ff7f0118027aab4a1be4fdc347,1.295211077820306
0xf6b4f861b6b7254fea9c24fc104c6d61973cd7cc,3.825112948714327
0xf2869ef8602b6912e3a6c97446c57691a206d19b,19615.397608706884
0x5f65aebebb745b7b3d80a6c5fb4045e3d82d87d8,4277.664140492177
0x7b3655399dfeda4b9c31d868b2460ecca907c585,9.53803582741637
0xe6b6d5233fd6e2f6ba606faade7073041c2fc34e,41999.556797826175
0xbd46d920c68fe4b04ac4f89ee6a3757ac425c827,2.0116757360979083
0xde0b7c885db638971277ccd93afc0e61071fa163,4.238110077870163
0xef4313a465de024e2d51434baa7eb17d39411c58,1.751479343551563
0xcb9b1a9291fd5c8ad2d3386d2978c2df9356473d,2746.901413681946
0xa88a0a3b8a0d887eab1895956dca1aa0950f3f20,2.474179272372285
0xcf7787df90c9e36997b6444799256ae21fde1f1b,32.59108154275076
0x32c8590a478309e3ceb798bd7589c49aff6841e3,16.914341567115773
0x943a8bffedab789be9a7127aca8c87113997f617,2.2539800541907993
0x5def14a61e9d63593cd1b81cebe18860544cf205,67.29454123145337
0x079a8edd0f4d21dafa90159414bdbfdc0e7f5265,7.115258687031199
0x9cc920d29d0d54d21ae03135ca2c55aedb178ba8,27.473884290321266
0x89b1f6ca5c8d458b43a2d41066dd96011360bc24,1.4523556508874782
0xf5cdf754d22cbc2fd5387c87d944391ffebfb58e,153.4931404395576
0xf5754b0158171651172eebed8a9a93ad9db2a33b,140539.29888186953
0x8b45a70009b014c6cc6c123f081c146f31938d01,16396.909803114904
0xc4d2364e844ceb590edacaed34b072610db2fc82,104.39945702501431
0x332c1c90209800255b59380b40bb891df92bdae1,5.680822800742539
0x2d6e30f84fc3f3d52d8f34fe55945568d02daf81,166.49927832288898
0x98fe8157bb035594c9674bffd1045c5e2d88feef,2.2583863691781465
0xe8c9559c2b54591ce38662e9dcc0dae6fce04aaa,1.0976257268949445
0x532361822fb3f9efad2c438320f8f57789e9bcee,221.43478173116864
0x9a02a5b624996e72c0ef0c75caa0c8fb2a5d413c,1499.7386736335961
0x38238c6351773d9637e3a5c05999faf4ef3fd5f8,19354.44624596954
0x1a2cc077713bad4ccc5d34b4e2a7b7ba52f16808,1.0119399615445341
0xb4becffdc437d2188bc1b052f1b2b7b769242e5b,1.488607437543224
0x8af02a981960e8da8339f71a0e0ee0a539c6ce1c,30.30402454791402
0x3e1b9ce1dabd36c3024f3539c93e4d87a1ea95bb,8.092060021457513
0x80877940215e6e4774e105af05a99693677bff3a,23.49968697604982
0xee4a6b353aea311c61c05909629f061cf09b802a,2.37956632864824
0x77e89c5bd8b5d3ea881fe965a89a23ea9922ca8f,1.6804422726216044
0xec29e3ca6de5375a284b1bbdd48b6f68e2b0470a,145.9001454932369
0x274380ab121d326884328bbfea4f6b56af467779,2038.7506756373944
0x3b8fb339c5e13bedcb09baf0a046079edcf95193,1.8062673611624054
0x5a07f9d035b9316a11fc46464b56ab7ff8da0648,2.0619153549237526
0x0309c3f2ba90ffddaffba8426cb8929d628c357a,22.937754774271376
0x0f450d4d75e9aa064e0501741661f501d0491e18,1510.9105265352293
0x6e0efad91d5894ae792e5d0140029ed188898493,3.702541861103848
0x8029099b52e8a45a6e5a2df6bb07d7733e4190b1,18.26315290672004
0xbfc4216e7ce8aa838500996b89dabdaefdc52695,3.2428114535156194
0xcd30813c9c87f059571495a5195f5d43f0a4a8e2,1.5983223526175365
0xebf8059bd9282cdbf0881bbc28c4b53514ef8da8,1.4085843973506627
0xe717aa069f4a6d7ac14fa16d6d8f4aae8cfeb180,11.505453128370949
0x7b33ab53dec9da60b847ad95d2bd43dcd21b1fb9,42.76481102702098
0xed45921f95d928e2e22030ef0d744e10b8c7b85b,1.8807773138466382
0x4f163b198dc7a161139e7eff41969c54fae60ab6,204.23127216486662
0x0068e379c294022ff8325aa35269bca943ab177d,1537.1475282196243
0x22d0e1ea8261116eb8affadb7ecfab84adc39871,1.0555172730242774
0xe78c963f532f217072a48c48cf59eb97993a7e2a,1771.1608267792
0x69d35a869cd1a6057058a240e29deaf3cbc74b6c,991.775196187452
0x5a3f1f794f216d3f70ccf49a5e516672a9e2fd09,3.7190337630679298
0x4e916ba493aba799f89b13680037e15905f36ae8,1.6176482275485362
0xd861ce0db9d322c5024341c09da7be7f5ce4c0eb,5.164587609464254
0x17c112a2fc5db63c0e8671b5369e02bb5eadfd06,1.3886649572764618
0xfe1e586bf0a20163c95f8bc8650aceafc88ce93d,531.8641884375271
0xa8494f64a6507a7b361c3caa417a0f8d08931a0e,26.24390768719891
0x573dbf27de92e6fa3a1e534c11193035a915e07a,972.1363297493248
0x951542c82872868d234997089cec20224fbb23fb,9.13041968876974
0xf03dba7ba70693f01216d88061d9f7eb29f9f93a,756.5317374436671
0xd9f6d2247cde5e3aac18b4f8c995d0023345a14d,2352.940783920997
0xd89bd1779260ddc4125ade5768e9ffaf3f5be5de,2.8806203659020655
0x785aa4a133c5d352ef87b6c2d87a750b7424bc8c,173.02910877835058
0x25548e8379bf817fb90a6ab89d064051ccff5af3,1.099495340785401
0xa6a39df0e38be217f3f169ba5b34dd2b2175823d,1.0011205962223477
0x217ffe31dec7e4fbb5c5e55955014e365c8a3c5a,1.4837349846469934
0x806e45128829d7eb76e12b25c7658f3268b57e3d,43.38848479803996
0x1dd54acdc13f54948625e40ef48b3adbb27db896,1.3492775969009791
0xc21f292dc28810754fe497ad8228437f2bbb8956,1.7154549562814279
0xc99b2e54a460a9313cf59f4bd7e84082c6dc72be,5.436934519809923
0x25e2161569f63de214cca3d0087abeeb86d0f13f,3.5488531474860165
0x6ea6ae321f803c9e9f07051932552edcdaf2535a,1.5605573991722577
0x99bf08260f76a417cbc99226bf80e5df5376b664,12.44416872267417
0xd8c7eb3ff8243e9f06fa6f4deb0ddb9b3fdd2e42,31.038164510600758
0xf073799540eb036b6ca5934daaf76ea1886f4688,4.535664551643024
0xbc1025ed89564e44e46a05f40383eb1aaa062559,1.0921010480108395
0x22aabfd2d1fd442b855f0b7d9abe69fd649fe524,10.366442397298092
0x7a9dc52519981ab01573db122ea33af53d98abc8,850.5972944711992
0xe635164ba6e87d7dc327d6e214686d90db67f4d1,3868.5078835881377
0x8df989bca4a7823efc35857e88619b65f0a2d8f3,3.877632606162676
0xdbf7bf2f0ee77bf3458dec98a614da0ceafd51a2,12.058096874201011
0x46da5bad9cc837fac65a7a23b4b639d15faf5183,37.598658086476725
0x47150a11a7ff3f813752903471af0b5874c5f874,1.0353669355004222
0x416a9944b55d30779635149e87d8b00370d107c3,168.86721472387418
0xf4138a3750db8757745765b463e1337772ad981d,1.722308152373982
0x9c106025eddbf6cbf97e5ba9b00423a6504fdfcf,20.238913848739532
0xde641676913c8ddbbdba1acb316f3d1e744a1fc1,37.72621081420718
0xe0fa68adcdeae041475c951344990430942b34bb,6927.633186659734
0x8a3a72ce4d269403093369e30cb8f195dedab8c4,149.5402958744378
0x92dc2b770aeec559ecfcece13141effc9d0b5dea,3.573764401302995
0xfe9836449a3943beed38a4a9bc27807c8b33c0b8,70.24374215900266
0x2141451329fc6276791fa710ec7f6f5ab47fa00d,2.195406232561203
0x9ae600427c9924d723548cf11cd49886d4a49b23,8.356212792366772
0x117d0502a584a9c0b077b8fed68fd76c9bcdb32f,8183.837109824205
0xbf08f229fab7d6df7d3e6777d68ba151bb4eb2f2,1.0742542460134472
0x27eefc762f5d8d9f297fbd78f69a13c61e48586d,663.3226551811827
0x5a4412ae4a0b4214b8659f0fbbeba08c533a3245,3.605526565471977
0xfbdf28d83f07c03ebeacd60391a1ad011910b1ec,316.2857415732529
0x73d8a7f794d4011cc4c09e339760fad6eda4bd25,4.770249560238503
0xf8fdd873fd64ccfd426be45d4fdcec5828ce93d3,10.337498502929915
0xbc505efddee05c3b714ad35c8ecf8dd567b5b261,49.90823449837185
0x86028439fbbbb5c5803d75700194365ac05ef101,22.71847576590659
0xd476fba63965522e3c10a741cb88bb0208794cc7,305.9215016712997
0x7750b6e8286d8130e635fd1acb1af1820bcc291c,1.2467230889160466
0x2376ef8a039dedb97c196f4bbfc53d5f8639f7bc,12201.534509257568
0x30295db38ccef9043c344e05160fb20d5106e26d,6.9333736199393385
0x34b839b67f021eb9020279a740f2d6cc7cf79571,11336.149111558603
0x51f2f02dfe416a934bc227300ba19fa99df56e84,1.9662873872786284
0x2383e8ac69a65431e9ab2acf43d575e5c77adc59,270.6145222567547
0xd2bbb595c008995a82c2e80b91db528e1b631966,195.4920794958997
0x68081f8d6fa790e927a01be94d4badfa3b72f0ed,1.721202235395569
0x02afb8339aff553f652c130462846011985ca332,5.140155469999627
0x9e5eb45623818e17732c18c2233811bba2b375e6,1.2080935498344931
0x36cb0b5407f8ce2842357b99828213a2b2f44825,6.6177722445378775
0xfc0b738452aa295fc1da5e1a09c257c95e1ef847,213776.14600773007
0xe3df040a865d6360397e4d5f1bb6f62c35efffce,1.664325303998518
0x54b3898f8f31c2b390574a3689b016fa307bcc00,60.37768884445321
0x02d069ab1ef13e061eb9c00c7a99e95f4aead674,998.2343346544984
0x92a2cab7a8fcbb66a772073212faf3e55e24a2de,1.875091582622717
0xa1441d18029636bba8a086c020aadaaf978d7229,527.6640517792703
0xd64c3730b1b67758217793ced78825674471bc37,15.376178193588894
0xc4dfc3a629e98f32229fa2ae0ef6b76a4ba26745,6.770987508269519
0x3b3f221ae1294f0298032280f6538b9cd2a48514,34.85259258057509
0xc7ad329fb6d10b54b542b9db411c40ac476f44b2,3.067063809973408
0x21a3261f54d79c42fcecb76a6d9a96020c1cd95b,6.423729762764314
0xafa63e223d54adaa016b865ae645a7c8ed868961,13.659273949303879
0x8ae5a74ab0544f47e561ed867465818b0388cfee,97.65510120656816
0x1c482eb322b79434a7c87fde5d08636b2960efff,3.0784534464683615
0xc469dc914cdcc6edac9602b8f49e3eafe57ea77d,10.279313923655623
0xf973b0c7f411b431c9e78b4ea3f68749bf150c9c,1.0097839341886907
0x208cf592aa12c71f210f2ca05811bb06f0133f2c,3.9229330996739544
0x98bf9f3fe0c5526d9162295f77bccc456273365f,2.06167593932945
0x5b167f737cfa210d61ce26c2dc84e2785a9ba230,1.809301150971084
0xde64792722c6e1c95b76ffe825c7131d847bc596,10.36286306999557
0xb02b7c71c7bdffc7f45dc3e84ce02661fe57672d,11.83130116054261
0xf3c836588ce2355084ec598af992d72b2207d6ae,1.083550774725326
0x3e2082e9c5983d86834a426624a725997d31cd04,1.2227224759009763
0x1e81924ab18833ddd504a3862b402494cf16ce10,3.003975297889953
0x457478d579f222acebd5083342a331b22140f889,4.370368735119065
0x2665f73d6103c4f0d131ff6b4b2d1a83bb9a9222,42.280331101523686
0xd7910cdadaf20da03424646b75f2205f3b6d2d8b,71.73594531150702
0xc5fbcf75209f9e15369cd569abe0e78985c93458,2227.745449596148
0x7880a0e9bfdab6ebfd2b96d7b6ef81f0d36ff767,11.743622236064255
0x068286440a8638de1a8057cbe32c3b8ff395ec4e,2.404552616700092
0x813d374b09acadc5fdaedf2435241fa9f386a913,27.28738186543724
0xe3f101a3a14ddef6f83ff56aad89d50528248a18,5.971646509858978
0x337a7a542aeea5705282500bfab775df66eb4ad9,1.000533168562986
0x21b5541275daafbff521ddc7e4dc23873ea14ca1,26893.05106611397
0xaa1404da0f202875522a16c454e89ee66f9a3b46,407.578260417896
0xc78e0d390c7efe80fc31cfae32e823d9c7189e53,1.6016204841611485
0x8c3c9c428a6e5bffecd57c5e01093113ae49832b,3615.6473196231805
0xca093521ab6c97b0d2a8ee6fb790225d398fe8a7,1.0645237219250416
0x4abbd0398438431f9108ecda82d0d5c18bcea2e4,5.876587775185754
0xb4337abd40df922c0f056c94ef8e8c9217aa3c37,4.505278118793898
0x8e6d3392a5044af4e450f1b0a45a968d95374601,152.92209524122333
0xd26bd786cbf75d805afaf34f0f0a56076ec43b90,3.967695240413221
0xdc603d82b7b6d6e90d6f543f76b68448c3f8e736,3.1062478232477075
0x8f2fafc4a477dda8ed58f39cf29dd39d27d4111b,81.91258489027803
0x08ea7c20bdd8f0b942066a7d84b1ddf55ced20b9,36.89362629529509
0xe529e2403132285c3f9270a7aeefe18f94d5a2e6,4644.623032444296
0x786c56a27c102d4adabba7e88cbde56a49c1b53a,1.099534137579224
0x82fe7687270151bacf9162d498e0ee7ef47ba57e,1.5374680168596802
0x92ac069e72eccba0e5502d118aea2ae9b8c3ed76,5897.012818161865
0xc2da4119e0619a155a86199b8c934122280f3f5a,2.9777218849324503
0x685ac67f5ecf68777785a8c7a031808fcb5d5eb4,4.703822888024386
0x4226e4449c38882a9d1fd1ff2790bea6d19dd7fa,586.1455293124161
0x833ffb7decd898b9a812325e4e731bf736b6620b,4.738277064682156
0x2ad24d4303e60821d33ea8300914e75f58602b9a,22183.920971134074
0x60598e1c0fb1c176da5853e0073f19951ba78540,2.6821603331941977
0x5c98bcb2ca6e4935e303fd07c3ae929cdd346ad9,1.2396685047288112
0xe768239d93fc43f84ade5162b68adf5dd1ddc4f5,1.2207685115681894
0x398c1126f89aebc8f0758e82182c4474ce56b598,131990.87272496466
0xa626570bf59f722e0d1b41c911c6c071f86042c7,6.309737370228668
0x1a3f4fba513879fa18faafa628e30de1913df58f,15.076692793537655
0xfa85b4a281dd937083449d786ce490ffa9bc6a87,9.175415983477212
0x2fbc2daed1367a8a32619885cef9f4c44cb4fd66,33.19919099373942
0x1d674fe9610cab24a62f01da47eecdcf44bd88c2,350.9975300996336
0xc1d7d76ba95e23821919bb66388d87abae1ae441,1.1382547278471455
0x2a2b66799c9e6710975aa6e00214e6201a534264,6.198943838465893
0xcddec1830457566fa1ddc7be9e4120e1fa6c1b8a,10.411724623170784
0x436b7404534173dfa1881cd9a706e2c6162b7c47,4.047042206548616
0x65a891968a3306f90ca2a330c8205bb19ef24dec,5.2315297921192
0x899ff8c6fbd23fe4d3f2f520ea955b2767226c65,3.5547917771490147
0xe9052a65309f93104d532436d321fb875d82d009,1.2120387951148552
0x3bfe6b25439c2c0d50e4ab17dc90fad756dc7ffb,10.174535584430703
0x2eef7a79d693727bfc7d41c6f9c6fa0e92b1ceba,2410.8974411112663
0x8f243f37c4677226c253d9ef56c25b4a9f80f39a,2015.4933516299427
0x3c67cb9bfc06c35ed6d0fd7a0fb3388fc455db0f,1.246365719473239
0xa1692db030711fe57170d186d28a5407db671b62,58.1031286752273
0xbcc61359e02e6addf887d54eb5c75ce921b160e3,7.047257237558823
0x41d1a0814b70efd4c7a7ef355e4f98f68a47b0d6,308160.81934221426
0x96665ad6cdc75f26dd1588734d26f990c26641e1,1.9030492260890681
0xa442441fb3d2c8ec61d01f1dc260ce163c898db5,6.317306970583758
0x563d317ec3f53b4fb4096a737d9b850b28d12c4e,76.0505024440634
0xb7f20c8904aed93cc7882c82fa5d0add0bac27f5,22.6881642568784
0xd0f666bd9a1e855b5335c6fe8e0b2923f069ef04,13.916263977347764
0xd5820a5b47a7a4bd337c0ddbb8d5f5535576c884,1.4502646718033636
0x1571c11182ddb372952760a3f3b798f6d7243f9c,4.929105644010744
0xd0701b5670d68c50840a9c660f5becd4db54c7af,2.9060146454966076
0x9e41c833f1429da743c954d7225ad31d6e03c599,2.7244182692953793
0xd19aa099b92bee479cd41e6fd0d49b6855d52c1c,121.71615471240321
0xcb700e3dc0d06ff00cbe4e7f620d8c481bf7f95e,35.46956327440639
0xfed08481ea36267dea8af3ec3800d08466e84f47,1.890015899057982
0x97f4b92fe39249ede5167365c367b8fc0226ce46,15.950936496815846
0x91481a67456e42fa2d2df49437d613bcd8eb7f0e,1.6033789255033961
0xbd35e2f54732b18410b470393b45a7956e3387fb,3.190435170166207
0xca5a2d4f0ec45e3dcd5f3397891f83454cad7db0,2039.0268825602727
0x6bcfad62242571272c27d45c95721922a2879845,1716.8371433396353
0x8c8eb381bd2827cf2a947dddc19ca6a95622fe8c,1.6734566523807646
0x74a514c5f5435198c465e0ef91b0cc04cc6b90f5,836.7577274117392
0x50bc9e1540364248af6bf0dc1f6c08717abdabdb,521.4228137379899
0x8d50136aaf2ad9324db38f267b11e233089bde60,449.7340635238834
0x4217dccd5d32909009dc8ad6ff7ce6c304f4439a,22.921728028115812
0x93b3a75f3f80a6e6bc5c778b4c8acfc542fe25c9,27.354541404586097
0x5b93aa1f5b497a80c281466f2bd11e1de8998ff4,35.350240405209654
0xa3b2acd74737f41539f16ed38511616836d658e3,18.151939386365964
0x6210ce83086396505b4ea861604a3814ae5c9041,25.30482301212321
0x4b5ec224af98846c74616d544de8603a6fbb9d5c,8.526042438406993
0x7becc3dda9352907934c4bfb88cf31a18336d093,45.86521778365969
0xd21608d8f954e62e758f06f7ea1174e64bddbd58,1.3993022045241124
0x7e5d414dde5439c3a1bc3307c43d0b1c722f74d2,23.439053808192327
0x9603ecb2659509a1a97f5bb4e59e03c79a8f70c9,307.9242929660101
0xea005af44b12bd25ee7955390f38e9d2912e3c9c,6.343696022035569
0xc9d48aed7ca2127aefce5de7adc7690edb2422bc,56.36827658255049
0x16c7ddc9d3abd55e23be0b5f1ffdc098695b5181,1.0216253474549526
0xa6122a1a3889e19ba8722fd35c807a3dea3e7e6b,6.323950749178919
0x7a0206069a6c9fe8a962bbdc19520c137d17675a,527.7807272922427
0x89d37e2795f0d9bafdb7a86493292642bb7dfdbb,2.1419924462757423
0x00da13b19ee95b55887ee90d40a12859da37e0de,4436.338340333483
0x072431395543acf520153f0b116d52ff9a0ed8e1,10.841311049401737
0x93c6c11f380017fd9b8118aebc3325d737b6ba1f,1.4813404667333523
0xd2a257fbb76a5ae220361787b3fe736a981c1a5a,18.22128470415249
0xf796a65c520e1835208cc38758cc06d71f4242d2,131.81527982962658
0xa4dd1577b788041e2714b202d8931ab33079e2bf,17.024316383382068
0x91d90ecfd70f0c752839537953b78a3ea904dece,5.90663220578217
0x0a6c94b72eb6376368d7892728376f2d183a87bf,19.777944669103757
0xfb48a3b115b135798555ac8d9506631591ff8382,509.29201881269324
0xd36964f3165d069c4b86b96eb9a7303fe11f3e8a,17049.35939751964
0x8ace4b70c0c127746025237fdd97036ad96996f1,51.17401882856787
0x92fe8e0f8eec6f5403664808cf7b62f2a7e6af4b,6.120415715675169
0x826233e6e59bc6119c4bee651e963cee28f3c609,3.154995253926049
0x2da942f8fd89f885f8989b028fe79f1c549f3009,1.1550012237548717
0x598cb4af6f12324e33f6d56ac88754d5de67f03c,1.4806895356850305
0xd0fc1ce8a406f7ff9374a5a4fbe60f42fe0fcc0e,80.22304072473582
0xdec5ff78ffc7dde84a89c5fc682b533267e74ff6,116.211086210884
0x49f1a7670fc8abb9ceefaa91228e3871cf365cd3,56.77457743960166
0xee5a025637b95cdc55c6a170fabd8c61e99a810f,3.9296015676523375
0xf07e6d4464d307c8ff3b9bbd2e3298f4dd07884b,2.1884520868058366
0xc8d4d5e3e219f5d1a84a65b60b7ec25eb04b1f8a,1.073019041762082
0x70dc315202b7cb5a3c42cc2cb2dc71c55cc5984a,517.8110549022796
0xf6ca786050dba0c98a57bd2860d5f381e1985861,25.98957209394332
0x5514f7a3cc8bf650e5a076a456b50e006691d81c,14.269127064186527
0xfdb8870d19393343e5e17b9e05f7b8869757e589,1.9251280338408514
0xfed153121001a8ca805ad7a90485d4edb833bada,350.7263465099203
0x7957e6fb89fa4c2c550794881f01c1be532375de,24.406990308932905
0x8a3e386ea40920768191eb5137d68f5027edf625,1.3337986828782304
0x92c6ba5d5c874c8acc840ca387c7bf24135098d3,2847.473734797439
0x40c427721f6279d96b45d955d4909b779efa4b7b,46.40349821205985
0x39ed44e235bb593561eda7f6bfe8c140f251af88,2.2959520946736767
0x6a3e1907a6e0bd247ce29b3311155af53399765a,2.56069278670885
0x30f191545839ef9ef20f90c3bff2f030bb0203a6,46.925263668795004
0x6f32ca06f0a2a7726100f8b8b329663c3f8b0c72,31.423810830701136
0x2dd7901e79f50ca059da69049a1b009bf718f5ac,2.0900691619822025
0xf06247bce54e7959181bb2810368a726aa2b2ec4,3.1514428675614283
0x9a70c18b865f634f7288fc02c10de00986ea7eb1,37.406134221624434
0x260e97f00707e3a756a3371092cd25e444b2817c,73.87154822221073
0xb0b97340fc4947b9a16de3cc7e94c53151d53625,9.58965618384985
0x77dea5f17ea3bb09f1146b7af8bc469b407c8703,78.13249899620384
0xeb6f27a2947ab3bc3feaa70669d94fd42d50ecc5,215.9584770092363
0xe5b73bf09547f02eb3eded127b09288e2f48a150,5.194956083419445
0xeebd3674a95a248c4bea201d4c4480e75c293846,98.90224936175863
0xa568c316f6927b6d97c0b179146f73db3caa30bd,7.646713243722977
0xe3cbece29799cc9b1c7d4f1283dd75239b924577,3397.429555816912
0x0863f758bb1fcc8db5c98531d0ff14c1b143c834,1071.3942908269266
0x4bc32626655ed4cd64d74c98861da7b49c1c0b9a,1.1816626953213765
0x377e678205d81aee477ee8edd21ac189d2e43f22,7.628894752137299
0x36e62ce4cb15f3802aab0bf63fc453d2c46cc992,14081.160324221471
0x78ef2450f1296eeb3e38dac0b424387af7d7c38a,5.5013662981694695
0x2b9287a45a041a2fc3e13d732af232a592e13b99,3.304843503561637
0x76abd9c2df1d17e7dff093eae99aa230f86a7221,8.787720296679595
0x1402f15e77754736fd6ed2ef31e7b2a6f3924262,38.963291300361306
0xa1a03a3c77a8a5173909f367d006fa111195b26e,2.6642095374448433
0x1811e963ec4856cff07c0b90a2e65bf76ddcb2b3,11.889351782858038
0x44732e161ee06c7f87fa57ade23f0e91bc768a98,1.2680997339679374
0xc4c65a2cb8c6032b23bda9b0a4f0d90b7a19e13c,10.247192380607581
0xb0cbe80192e8707f25074b97e2f21ca4df7996a2,100.34268440764279
0xb586615a5ce10d99ff7bc0b93fb2c2714121ebc8,5.520141695520324
0xde8ce93429b71703d69d0194a3477763d09926e7,17362.40082237133
0xebb4a809953ab38c8d9c0942046625c8df3068fc,42.796628639828945
0x657c898315eee7f1c99d488a727d447a4a41614f,2.503343378885285
0x8d93ed939b01d7cf01b3a9578af80c1b6d43a6fb,1.9165222735652008
0x50a68780017466e7a7a2d5041161061eefc7f6e1,1.2509633113638
0x51ca379f70f2152a740c47fec2ea0ebeadd608dd,439.4201973154548
0x58c1af098dad6dd39f2861763e25cba3f286066d,767.2256772996177
0xb572624394e552e304e1bc8dc14d04876d7b2508,3658.4709478692575
0xe6dd30ad8b6f1850b201db5a0eb0e0e6fa64c526,5.4462180194662215
0x4b29a7116a529d8d5ea18335c708a619a7c198f3,25143.805774123506
0xfdf7c72157598af15fd8a98e4c52404ff5500490,358.9902087441301
0xda45fbd0406dd60a6e41d3154648f6613f0ba4ac,130.39776368243196
0xd70982d8a9d14287ecacea0e729018c751700cb5,1.0551834734975225
0x574735a77121cc1e2d2b9f34fc4a18ad5b507376,1.873394174908857
0x46a67109d05781ad7dfc2b21e7a189f395d2e840,560.2473836223849
0x6dc6ba79ff5e348c669b01b9df603e6bad38b74a,43721.626558627046
0x63db7fc826ec7fa2990e14e8b8bb801eb5a82553,12.60910202832747
0xea5089587f01196a19157e0f4f83a10b93855035,12.62388976895614
0x60120b8079a34f883902153552ee6912c3c5b701,8.557656670838774
0xb8576909bcd189bf8893d46149e08e50ae7b6d9e,817.99674328939
0xd919f4d9603a38f511acb71d93a313b6567958e1,3.9948818611332713
0x2e29113bd538d76d415953c9fb121f9b51ee2e56,2.311490400115371
0x3bc9d1bd49303d67b171f6054d3b9185a55ef7cf,56.738731072245095
0x32c65a4e89931d2bb6d04968a2aa45d7825ec81c,71.7245598598527
0xd98e91b6a8b31d91f916e27670b7cdfc92836915,155.83373286113212
0x48715e755594a2cd9e9eaacf1fa95c01014c8074,1.0974659362030106
0x6283c0d881f4b2fbb4c3b6792cc900d598457c4f,1.9235652142046429
0xfb11ed0107b3b47bb4061378f9a9e6c8e15a08ca,1.047622466136305
0x7b89712cc55209587adc4e625eb5c5f66a26cb3b,2.435089479088888
0x98f277a0b3c179c3141a4ae25dbd3927313ec3b8,1.4428607257163533
0xb7d658929f369aa96f4a1e5b60948fb59fe97588,710.2728659387761
0xddcf175914eb90077ba8b9dfacd396e6dec17b43,9641.695119259284
0x623c40363d55f0746bbaa818f7050c5804347a50,441.61826838723584
0xe9ea25e4b301d5d652b8cdd848dcd98fed214b50,2.746737720523478
0x869c48b4b6ebe4c7589c49364394ac0bad178491,129255.72388180629
0x95e0f52d5d1b5c67326a1799fc80a9e9ee407f8c,14374.482852341254
0xe8f92a1fbee01b0c33e90233379bfcaae8a8c09e,1.7769486371493415
0x171cab014095415094f86e622720c22bb4563e45,20545.340617491718
0x060366cfaba4176859e732ee8ed89249b6f14501,3.3900571517461557
0xd1df51ebb8fcc69eae0aa6d32f39e5d1d1150ec9,44.139837922366574
0xc910a846ba5d0ecc535a0c49bb821b9c6395ff96,2.9660599015182494
0xefd398272b1f59df0d37801a95a177a4f1efb584,37.33049771401986
0xa329a3489e0a560c03cb9995fb034d957e35dc01,4.934037152734758
0xaa3efc4a73e0c67fde28dd631b8ed9f6b5d260aa,1120.2279990718982
0xef876ef7cbf4cd337a0ded8b225638c5660475bd,4090.5936235006225
0x12de8905cd8aa742e5ed733cbeecb0c6d8360516,1.3722528222334163
0xaef362d4b7a667f6c8e8f95abc421002fac8ef40,2.492386834682157
0x5943e6c92d12025ca18151f1318fc348e73a3695,27.10689765497149
0x3da891c1077d3cb8530d4ee5d0f5b57bf0de8831,436.094699661516
0xa7dcf6553ef75c4dda64f61c4eb50e5028c0039e,1346.309915842438
0xbd2f85cbb0c7751c0225b43ef08e1395d941b3c2,21.245629383485284
0x3953f5f843e8bd49bd4595c73dc276bedc4fad63,7.925600585261719
0xf0ac6215f8775d28a4513714521f09d41d43a756,194.3682813359694
0xd5a344655fcf4fe6f609ab528bfe63d424005a8d,1.0680270188886531
0x54b2009a51c97a092428c9fbdf1a2d5fba0e215b,372226.8019363757
0x9ac839772aaa4810f00794783292b4a0f9c3b7cd,24.1912760537936
0xf9fb9fd8e84cae7ea19d5d1a7ca9a567759d3ad6,3.5273190946148496
0x9c264765db3fdbd784f7bfede921b49add49a2e2,3.283978410505876
0xfd7ab799c183023d4e8206a355313e79f499db5b,1.1722195505705189
0x279718546ebb92c412e352e16fdc1e083e2c685d,505.6257859205276
0xc446716aa287784099363fc7b6dae8a25771f4cf,2.1233828342496652
0xb5dbfffcb256280b1726a295462e80e92afe0f8d,700.6331145747824
0x683517517dffc38b3a3b565ad323bfd7da0195d2,1.7978628346959897
0xc4cdbe9c0ba8583b9f1c43c4f5c96fa9b4f00d77,3.871197033319256
0x9656f57917a1d98aa14f63238707a0d61651950f,10.037770048824925
0x7e1ea946b0b82886a41954eb3d140e3fd4780274,7.444465106806387
0x3a7bd9cbf63d508e19de3c6fc08f729d68eb48cb,1.3778613064850238
0xee24d098061d28ab232fe9b1489557a18173101d,1.4408315770675775
0xc54c623e7159ab901cc95ba1fc56eed92adea5df,12.5508044706317
0xc3f369cd57ae975372934ad48ec478edc5926fb3,8.29362242295029
0xed884c3f8aea9396c50385851765e0b2ce99e4eb,52.071738100241085
0xcb102fb4dfc5996773272e0236e8046f479312b0,1.628511366767115
0xb364e0e5add2bcfbd7a6ddba5f428ecede0214c3,43.047540906031266
0xdf3e9953331ca841ab5ed4d66969535ce79caa9b,29.99023137641504
0x8096496e0f9713414ea8a4b3c3d575d762932c5f,2.4426033197303614
0x53a37178e9f84f065b9a6714f504a9c219511cb0,4.427094109665211
0x88c0652a15bd54c58899cab35d8b13f57120f23e,4.5560243134451905
0xac71e42e16693578f29fc5d19955c6247d793241,2.031987095308177
0x8e6aa3f3d1e8b291d5cc747cf14729e794e1e3c2,6.570498084755869
0x7409c0614a888aeec7cdc972915fa88e5fe7faa5,419.8121215561823
0xe55d23dd70f512b40664310f07ed47274b351251,1.9656598525940527
0xba2c3cdc3243b0d7eda091e9510b31a62fb155c8,22.938180846985375
0x1aca49a2e0c2cbf230344a354b80f867d062a76a,3.896161855488503
0x16f0694640f86243f32a4c893b0186c74d92f1f0,2.103567195604825
0xd719ecae3eff7e40f19132ef343fd5c27da6bfdb,1.2017097706728312
0x0e9ca93571227d3c3dd63b9b6eb0ed42a12d792f,1.152088987790361
0xa899bdc4166b3d9d97bdba862e768269b8a9ec30,1124.8627773046999
0xd017962451eac640b76782eeb8930f15d146e010,2.657180784363991
0x15e05b5b16d1b249755eca524ab5eba307b3b92c,4.505929572930496
0x0942a7272defecd5bc9da56c7c83bb8083d93b8a,214.39305155738677
0x4b6dc2a9ccbe305dee80920ce09727c2dc9ffb91,1.2409904244285752
0x11a8d9dfeabbbc06fbacc37a5b0ee654eaf006df,103.18507894320703
0x0788dfffeb61fc320088e87f32e0b1112e1f1514,1.464282818815053
0x6d3398705e9dbef7509171dd5bb602b84b1f9664,113.34871406220869
0x2dfa01ae87b46a427afa2f207ad4600b91797290,1.1136897375155583
0x8237b498e9f17fcb7c01471721ed98c7ed9db663,1683.9107144689365
0x4c30c5a569953d4a684e12079f54c022e2e5b86b,297.9763259908148
0x72e2e6c1931fd48f13454064b015da3e53eceb4d,1.7790934382148016
0xb4ee64c2a72196dfe4b68a92dc53b44e51d58fda,13667.072645215761
0x2ffe0dbd66a6be8e157da8f9b444b52dbf2cd17a,3.6283663253453162
0x0ebc24155ef399a869b7cfbff48dcd25fab68c1c,64.88214301648037
0xa2789c1bcf3cacf62d1c17aefdb1e1418a5d42e2,5.323897267291425
0xa875630f5ddb43aeff3661ce9b26bfe80ad47431,6.8135036222507095
0x48e741006aa53e93d6b4b72f555715ebf2e2f024,3.2752705826406454
0x57f3cb1151462ec203341688f50eeedb115dc0e1,38183.43504550245
0xe3b34f4fbe2a35a297bc017e287f86d82d7aa97d,178.43974135093728
0x6ee9609c6427257ac587bc28c2b5fbbf2f01ed0d,6.7603132070033665
0x49ed2fca048b4c3e713e5d84e1136df9cb111c77,166.92277536617507
0x3b37a41437ca7278e1eaccb5594bb178020f4a5e,3.0621460558127347
0xfb5593f8d768ccd330e5e32044ec6a220aca1b76,27.109253036602418
0x5a1eedae01040974d6e1b0175338e24dfcfcd0f4,6.047995969530299
0xfd55b983789af025ffe2c90410e3e56feb022680,143.78851077497305
0x9bc5c1f869a5c2f02bca27b0222354b5e4d21012,182929.96440542687
0xf9beb69defcc45791f661917460034fe807f1d98,28.058359699329355
0x68df34e3caa017f442a0d445e5a12762b7eeede8,256.1679431506917
0x1e4b0f6d6cc0a00ae6db60841379f4ca82c3ec5a,1.16002869023994
0x50dd117f4ae6e9f7d713afeec3c5b987aea6a1c3,2901.535566360371
0xcb9febca7443bf0f14bf1cd2405a98425f6c83c1,1.8777422884867192
0x37e9e39141debadd25e03e3790eb522c2c2d7d4f,2.198901243281659
0xc525bdec5d0311de7e2d9a7dd151a904549bdc90,41.25134041785135
0xd78a1093cdc6f4a917dace868b680071a9ae75c3,1.0126498520547684
0x148090d2ec3eee6ee39190aca1c0338bc716ace1,2915.3067031742826
0xfaf97c8762175ec24d0e71dc741143f961517dc0,1.5954783222603623
0x6361d32b2b8fff86a227357c7667271a47d81fa2,52.1393024514338
0xd54f58ffe479d58bef86d4316ebd69e3c9484ec8,26.726141360868958
0xfc5b4e81131cfb6dd6da27a3ecabadf9b7d0096e,34.379517363886414
0xc82f32f61ccae84c6efddb5a0100a0e2e2131878,688995.4720917417
0x982c4b7d0d3f2f3c7b5ce2ac1be677a24db0f50d,23.193048154652452
0x64bb655a77e40c8e80ce49de810dde6efe5cf23d,14.84769151512131
0x5b997b95f6dfac28812b165ec925808f2169cdb2,11.98787234566299
0xd12d76f8e996dc63b3e5e382bdd7cb1cd7818ebe,128.19882841519967
0xd9fd3e22ef744323b49550809e15be56bd821ef6,271.2308816960253
0xef54c5db16de3b378299c0a06bdd858b32593eef,10.964321293615647
0xc0d9606b074a092d7b78dc0b6ab061c55ffe90bf,231224.30343271175
0x1f4b9e574ac967e7d5a35ae9ce044c50b31d866b,18.634854065278578
0xb5955a70c9c5ce66e973090cabe431de86e0c2dc,13.830907646755378
0xbf1728fa62d7025e8c3a5f8fc31d44f851982ca5,37.042609711671325
0xf079a3ae5319c061c01826fcb1ef1790a727c94f,3.4527552465305185
0x18dd595c306badc2dcac68428be905e9942a728b,89.97180741896574
0x8d7d59a3f9770413dcee90e20fe76706ac4bd58c,2.2365561884785214
0x99d6953627e447aa67a31f66cb2547e5ee89ae7b,25.28300930661923
0x29270401689a5e6775068419dc9788d471e5e4dd,9.140014858871776
0x18f038f9e2ad05245d33085621d2bcb6afa647b9,47495.92193929125
0xf1f6efa76605b5a10220d07fd52271dd94a05619,522.2557840983952
0x4714cca6e82fc0500aa01de29a70bfc3794b866a,2.489825694180437
0xd9d437e977b032ce4f3797990f84c7079c0b19ca,2620.4677193012385
0x0ac9f30efc49dee998638cd00a2aa38df0a5de20,1.9356169598261541
0x8a39e48e10f3c9be676fbe6dcd4be456d112b9b0,66.62120327039189
0x84dc2ded65a1481e88fe5580b9694b3b0aebfec7,2925.3338972012207
0x2ff84031247bda544bd2fe3471b74e70410a0813,1.0122253431224666
0x694e014e817af6083e3c8503a756559563151402,7192.751015040402
0x80438941eb693ba3cffefe267ad21ade8a09717a,4.3723327670648615
0x566b60a1cfc8dfd081cf80bd619146116eb7d9a0,1.4533172389140947
0xd9996d873d6ddc3493d96e3c42b8f319213b7a13,8742.148650825498
0x830c85a72f4a7cbf9af02f63d80cfb4b2c0030e7,565675.3418826655
0x55baeb13c1bae5bc2eebf663eec63a79728b1f80,680.6797842433045
0xf829d5c558c435959794207bfaeb9b8edbb59f42,1.116426288801004
0xd6fe6a878808a6ac10bf251bf364f4a70e7db874,9.463365203475437
0xe48c8fdce7cd0540f190dfef49d48bd10fb6498b,1469.7304164516013
0x54488d6c89b624c55aaf4624cf37a1892377ec00,137654.56416648926
0x7314f053baf077ee0c44fc844515d7b8586f7967,3.343745176150399
0xe745d134bc5b8c4a82090de89cee78b891d9899e,4.048624906500758
0xbdd0d54a397fec9ddc03a8074d18276a10104616,6.9082569018084135
0xf1c50fe2bd0be7108e30cee0b7fb73f82aece412,8174.38810044627
0x7b2b58198761c5acdca80083b4b26e781a41ec2e,286.60787406493154
0x9128184b07d8652fc9522fa38fdc6ab5ef78fbb6,18.65234568741302
0x417220d80e020d698a7578cfb0cb6d1c9108685b,2.810948628224625
0x9d5f27ea1484b18a13db58dde8a6af1d10c021ee,1.2310777762791107
0x15b503fc1a7b63aaafb42349974f788820df5154,209.1876161969992
0xd18d6596d5ab53af1dbc2b8fe21fa7b21bedd661,4672.950733574484
0xf023d032b8e283b2ba9c13db90b3a3edcabd066b,3.5529484155065334
0xeeaca4d4b0737847852f0ddec570343e95860f24,15.239394040317835
0x5a345023315095c176611fea3a1536ae056b26a7,54.53027787640804
0xc73e51ae7fb31bf0c452ad155becdad54e50a487,20.908865153846175
0xa40d7b8716e012ffb1b60907f15d02879d1ce8fc,1.3478661612478577
0x85e61191a473a86261e87a31c0bcab3c39f8227a,3.4057804515615104
0x17efeb964d6ad2d7aa0a42901b640b6227204361,6940.367369717369
0x28b34cd578d3d5069d15efbe6b78fc4f35eccdce,6.6795631192226255
0x9931a403c7c7acb9f05890cf4890e31925c94b3c,994.6007403814328
0xb78ae004c8f373b73a2d532d98d86cec984e7ba4,147.37798095865494
0xb11998ca27bdfb9483376d0104cbff5a082a6147,2.338216887654044
0xd6fd3d2be3fccce2584c6118948c1058a5125a51,130.03932492831507
0xb49836c5bcad5cc731f89889b9e1fd5266e3be7d,1.6097763065934498
0x7639b6ad26765eded76b9d54fcd319cd38f36d8c,5698.77463217157
0x09d07f8070232f3569177410ae8fd832248d1103,2.110690350442645
0x04188b1f0167d45131755a1928c09846e789c20c,9.482081735368801
0x637dc0b93e8105970c0d9f675644b6910d3d7a26,14.097689580667003
0x1a3a57326ea6f69066d08c4cb549ab4278ebc48d,1388.5384476520396
0x34101f567992ca587db1607c41ea460c8e08262a,13.811639893338615
0x61a8d052550732ee1c7bd28ec2fb07c5b42bfdd1,159.06058349607227
0xa47bf47190c22661348ee9c9a4ddf630024572c4,12.390826493150497
0xb1fdf7de17d70443415064af89530aaefdecbfd4,1.6251249265722083
0x5ace316d15ce925c5abd771b9ee45bb608954d2b,4583.514150228719
0xc2323e8dffdb8f401ee078fcf77f234465ddf6c5,29.20834906313923
0x5cbc2a4d874e24adfd0954bc6afd24d3be88df94,63.712660138988234
0x99c003266c5dc1adee82c49ada901880bdce7022,3.509816035601709
0x05407dd7cced903633a8fc459f2f046b8185ccb4,2.0257973177120676
0x61c422c3eb003a48610612cca41266939967b277,35348.74991113105
0x8a19df4444a4bd14a9e366bb9a492768899000ec,4.0863996567338425
0x086eb55643b18597a6190c2f45a5675827791b6f,4425.510541998833
0x2a92a63947044cccf66721f201768c947bf16229,1.0498096602080322
0x8a7f825930dc580c17fe57856c2fce979327e028,1.125682276566588
0x211e5e4155998c8112bbd53ed2b2b5013671d2a9,12.152282582055554
0xaefdb64b6f5e21d7ff34ee76753bf8b8dca1b616,12.908149057134489
0xc95000d8d4b6d2f690fc32e506ce56c735c6b449,1.670484707392432
0xb1adf5916cca8898749e0cd0f34cd75c24ecccac,7448.392088597378
0x17e853e7c2f4af1157eaff15f8b451e48d70ca42,14.247816342835453
0xe5f8c572406cfa80f5d62c5644b47f0453d3e4d8,1.1482235313508182
0xf98ba2c50f8b08645f75851438667d1d063e446b,5.772936129525933
0x781c52a44bbf075413c463820d971927cf46cc99,17.265146604908555
0x434ac77905935f22d3268ecd5b2757217af87aea,4.9174593279611285
0x3b3d318bb5e87ffd28492ba3e50f563988c21560,549.7087530898455
0x364ed1cf1d8d047a3c7f95f01d3a45f1c2369780,7.844811368476461
0xcd46c5e6759aa5fd1ba716dc573b4b7e5c38bf83,37.264667968868615
0x85940ac6da8e7f9abc1ae896444f18db9280b19c,1.2946530503471945
0xc9019c31aa3018efee8fa1f066b8b58e6b54d870,223.2556251219007
0xc7ec00a713aa777c12fc7c53288469a6849fac29,267.6666315292818
0xff38eb1e05e1ebe9446f542702eedad09b6ce879,334.1904860277152
0xfe2841ffee1c3792a3bd10fce9b0ee065151f86e,21.091374756026624
0x0082f7e9057d5ca6bd50a576b3a8e75f76d6fb52,1.3513733761522284
0xa01cbb9cb4edf1b38c23c99c037ab48ddc88bc48,1.0971946587976351
0x4465d40a76baa202c72aa31331fc4267b8d1c77a,5.465949478931566
0x9a7a0d796ce33f25583c5477fdcd37025700a55e,5.772285812898749
0x626d610ba20070de9c293f1daf7de74437404c41,55.301141763000274
0x9ee041b1bc39fd17e77b56aa0e88c356f25cc5cd,1.4960408505244636
0xa963653f729930f8fe51b00b4a6022d68e9874e4,163.20014272055116
0xf2bb64042b0bb057aec92199869c42e1c9103191,5.255452145237334
0xe5a3b1270660aedb84771108d260a35c1874fd77,5902.489612713069
0xcf60dc84a1db314f8ab20c71e047bb7a8787a840,6.008137623021281
0xb4151e8a4a99407855337d06e32a53ef76f0bd42,1.5847989407521466
0xc4f07461c719e5654da19e3fd3d661ba5f9a06fc,14.880844971420512
0xc12e8af1c1e9f53d1db224b81af3a2f1d1972d0e,3730.119032472935
0x9ce487e0cd8ea96e9663a641b7d34c7d1e62deca,121.76812040225117
0x93d0e1a01ddd708f8f2f411e45972080f37ecb82,2.056057350994479
0x1ca180d4be3c1b78f940596fe55a521a65178a66,1.2822367585229424
0x30b2501372e37848ac44b2f42a2d947e12377d70,1908.3842965929912
0xa34f031c69e86de86ea34984f8fdf31f880774db,10221.258351940623
0x06eb534da0befa49c70eebd4f8843821235f8684,6780.227201218168
0x155ca41ade49800af22a921f04773a4a57962dc8,10.094108438431798
0xfdc49eaeacefeb737bbce4aafb7e4513fb304787,5.78966676450155
0x5272b0ad16e6a4ad69dae72f4cc74da793ac7cb9,18.717855083140545
0xe8e60dd1a762dc7a644cd9dab34cd225e7d6d395,2.5753164470305134
0x834a079d2d477d268c8c4390a6d6569c535fd711,4.364948988468038
0x4576dbd95410334104e393f733c3d9b0b535fedc,5.739040559304745
0x376a6ea0cbcec14934959f969ae5afadccb1a3a1,3.0330452673546158
0x60b7c9cdac69d50699d827f2e6223da2dd55d78f,1.5708306955331997
0x31de0672cfb439e893f93cbc5b6770dc1c1a0138,221.94169991560057
0xcef20cbf101b939ab6557411922e9bcf038139a8,1411.0654895925127
0x4ae0e7ac5646bbf219ceba5e3b8b97ddeda382d1,5.7774360272004115
0x49408691b2a21b5cafe1d06181f605dc4f8aef28,22.222627260770437
0xe762206f374c8f27b41f85bee74384dbe9ba40c9,26662.65564453932
0xb8c8af8f444d9dffe6c8c1c51f7219f7f5e99fca,8.171992872276835
0xa7828b22e9f6095547dd37ac2e1dbe59a43ac362,2.3786821942169682
0x9b05dddcb310cb3fca109ad2d53c41350401a1ea,1656.0436525768991
0x20278bed4eb04865b4f66527fb891e479b896a33,81.92051047094245
0xb59e66ef5830b1bbb1875cf45edf9fdad0af7b1a,89090.28598501536
0x822c53c8aeaf7d4e2a85264a7c928024af402c8b,1.0355311624988504
0xd70ec51aeb78fa5c5dff8f4121faf0a34a18d334,2.2919574360619586
0x1eaf2a0a26a9b33779fd169de45e9af65b85c942,261.65225455434046
0xf61f922a58d0c8aa816cfcd8b14975cd27284d74,15099.32059558159
0xaf0416d32a160d546f64f1679e4d63ee54866c24,18.03269751645735
0x1a8a8fd36ba5535608f02b9bcf0a3779ab098bf6,1.288420307287304
0x88a7f91e7934ed589bd134ab4ca6f8843a798464,22.076119029549837
0x0e3fd222993edf9fdfc61b0d6168a208d4b1e857,14.986464812548343
0x2ce3ae0c990e1c2be12c605143f0d69bf0a550bb,409.3944733698412
0x0222dbf0d5b75642279b74406d037dcc47814bc3,1.9563553130173623
0xbe3dcbb0b5e6d18e6818fa31aef3cbe26a2f7afc,222397.47254459522
0x39f496fd0fe25dfd6b50e6ddd981ebec5ee1a379,919.2174947974625
0xfe50f18ee16e93ef9afc960fa1f222584a8381d8,16928.17984020608
0x866d492167d7c657a085490bbf132c37dee8a02c,120.8161859027625
0x613a18e857725e9c40cf3f51fc232b411f168fc2,20.306825914341243
0x1ee621e5c904676602edf7038cd705f707840ab2,2.3667022523953034
0xee93acb5f9f09d409a5ad10c2ab48b350a637742,77.18463141602057
0x474fdfa29fccf5f2d1cc58471ca0c54c64968447,6.823316118436158
0x701dc31ca76cd516d8215451b6cfceea4931d739,1103.8970021363893
0xcb2d58fb73306869b5979d134eb168fd264d70ab,40.51068154643394
0x0e7ada254eeb9a6b001cc54b0b078e6d70c77409,36.28696452699791
0x63e7f41c1f0197285a1b23fcaf9b56fa047cb617,8.150734423630247
0x89986a69fc43c7a40d6ab357633d5509de95cfe0,15.1323752027535
0x3647af012cfcdc15de3353a73f9b2b8b6d2cfacb,3.360440438072039
0x72762c3aa02f0f1f4e90639ac1c9ec37cf372b59,88.79803676701412
0xca108f12d5e8b51c77744b7b0c2685b704eed793,31.10663015777932
0x66973bc83190e431b529cb29b7abc642a2d3b49e,1431.7795672716313
0x082ef037df320512ac4eb4a1041bb31b4fe251d9,8.428900128598023
0xf5bf67f1f633d386bbaa92a917faf573bae3b1f1,1.2241735240786817
0xd5858805c9b1e96456ee931d7da03fb0c47365df,310.1062639828857
0x5165dad69f8334e5f8384d2e70583e5a3e747892,10.779699555528099
0x9b9ff3d05b0180a90cbb3df5f4dbf48914f8347c,1.1567132575725505
0x82e8e8ac6cbdee7a27094aec568c85ea8116f037,1198.9704775529647
0x4c0d23733c014b8fe6cdeb3689bd5344f4855886,538.7181661481557
0x8febf446ab62d1b900be55749c77b186cb6f697d,4.19897790611933
0x5756956a6b503f2cb3eea5dc75740841f649fcb8,1.2990138430797478
0x75398a042b206e9609cbaa0aa9f38fd021dab5d4,3120.1690633616386
0x4694e66799e80877723e90b2f7d64a7c7e47a430,1.1747280677705847
0x4cf66789fc05893d92841c9a50ff6ee405599c92,3271.200090679554
0x8db5e53fc4883cc0d691da3e65e498846dc5c5fc,9.3843514320356
0x77e96608726af6809d13afeaf10f0629a9a4486e,21.27278313188678
0x7afe676b639eb45bcc25dfac947e23a318f25c73,56.2770384604704
0x7a0cfb488f1e2590ebb7ea0a65f66163b042b109,1.0764029314155734
0x57eef8f3e0cddc5aa32ae673368421055dca30e2,1.788360261848403
0x7f4421f8268a587cc81410424af35583d6b745ad,43.75285439789526
0x00a203c960532a0635702f63ee4a246c08aa8a8f,899.5337202793834
0x7316bcbbe643711a7185d48af7201d33a08ad834,10.540515288931076
0xe8fdb5f8c9d47331bbf347fec6335ae775063b8e,399.87938738633864
0x5316935c7c4b6239557f75772bfacf638bcef966,45190.07063230632
0x5a013370e910b255ce13f49135f5c2f085bbffcf,5.506450977997126
0xd8a148d561bea859810334b849c6f692f463b516,742.0292573473562
0xe7e4fc4623fd6e28c14f5dab9059688c5c1959d7,339.6574983497126
0x8697c039f5dad2fc67c5a1d0b5c75cd3423ba4b5,117.09227639569582
0x7ecaabc9cbbcf4c4cb2cb2a6461083979c7d4569,200.8997026085621
0x63f976705be6e1312919b7bdd337bc2340c2f954,1.0618104804264994
0x3fb2b2cfff58879f839dc92ffcbd66b854bc6210,841.3580878118073
0xd9e9675cafd034d44765ae0f9616f3b5f431e93f,1.900579463407073
0x2915bfd243169b58ed27ac442cd17d8f8b38fdd6,29965.932435117553
0x92d5d00944012db780ba6d4fb6afc72c0a989d8e,3.25711318923713
0xd9b49464c9947c76888ecc7823d026f48f6c3cd8,3.3781211229934676
0x1c33adca5585ae430866b45020a5bb34cd8c6b57,17.599514208931087
0x66367fbb47a11e2f32648189cdb05256eccf4c1e,9780.7292112186
0x62544f532ed674c5fc42ccb337608940b3e40e9e,1.9442647693598585
0xfdb95cb7e4c4084baa384b84c8cfe3afea1f391c,3.531751375009053
0x4dd643ca67ffcf820234d026ed86ad83394c1ac9,1.0852296633788023
0x990030f0c20597bcc9cefb63d13c4e9b83901b6d,1.125282999039295
0x65b51cef4774faddc1175d20734f354d4fd401d8,17654.61224740492
0x945b49607efea559fc496231aabfd5a47a10d981,9.669805039450372
0x2246f2429bdefab04da24bf17cefb292a26ad490,8077.797219474363
0xca631dabfc42eb1d1f3fa5409874ab91e549a350,249988.49164459345
0x1c82a0d207c576f2bd38667d5ac079c90444fea8,1.2224209552040757
0x3178061fb506fa29e2d5c580b1826bbeea8c04d1,25.023796915012294
0x960e7577e2ca366d898726ce8206e3df4a1c45eb,1.0659190202678976
0xfea6ab383df39dd95edb2ebfcb22b1ef33a84330,343.7393051769985
0xcf03fc3754c0c737a50044b2ebc0dad550baadaa,200582.63202173653
0x567689bc43d5f804b1b0b8c9184f22096573ec98,8164.828314797434
0x7562b7d51d0bf4eb1ae383bb2a97e460c03812ce,46438.31408817106
0x8674418f5991854edbce4303efb7bc4083dc9378,29.88898136791501
0x360c4817be08a31662b51534d9c8003ddfd08e3a,9.13020332052565
0xf1a5250a786064055276b1055221a4ec9a290969,23.151094754920237
0x864b1b90ebe616eb83d884a6592f5e2490d13995,10.00127344886183
0x19a6ab25ee0626945911e20cfa1b94b1ddee7007,44610.1673993839
0x0ffcf5469d56679d733591b0d4c402c9dae4d49a,46.45831486143487
0xa8368080e0b091e404da2a71500bca5e21f5095d,2.4094933005179184
0x65516e03e888ceab5799865ab9c6a6f043cfe7ef,1963.9247308436532
0x76e6158e2c58dccd1cb0ba8125652a1adaa7603a,362.8742147931066
0xb38e1a23e77d500f50add1ded523a009f7473ca2,31.07643205054619
0xac62c092d94d867843ec2638f295437eb698bfeb,5.022713573291402
0x64ef19c39ebbe9a753b9f08d3121224512a956b3,6.28177567344345
0xf20d0f7402cc2fe895290e9eec1ed1c628d77c6d,62.30844431860017
0x843fca8f18f16d35ff9f8781e9a97804088c3391,1.9593497890222988
0x083c0a74b0ca5ea8e13346046ddcc2c1001b9952,8.977770760270868
0x894941cc792cf2ac0bcca8e63044a256df19153a,56.1805640736823
0x4bc7d57671de7f04e7372473dfd15e19b136f014,107.59717997110434
0x6a19ee41fb7d18f2faed1a9a8658428547d5b684,5.820801342827934
0xa5a6638132552c0185bb2040cda00e18c5e1c36d,34.29261208914491
0x5eb693883fb9e2836211ece7234d648b314d5abe,534.8623825440419
0xceb2914ba1ad08ea10cbdcab06d0b00e6c62545e,4.872941739055172
0x8637f5b2a676cb67b207844d70bc6d9cf2eafbbc,3.2472138752823914
0x2e45ec9588076c7f6a8ffe12909e07dbaefd4804,13.700594545025211
0x5a5bf571c1bce23c7b0cbfc97aa23e7104d072ac,10.147447124175361
0xdb6d17ea9278c5adca1a07f144700212d808d49b,4229.142906402112
0x1b7faf935b754ebe54808dabb03817121bed849f,61.47295913193174
0xcc0db7d67b399d47a8da4249b7bd7b8056b5f8f7,496.79786511648075
0xe6c5aadf96d7471fc387cfbe796308fb702ddc9c,1.2052243773360845
0xdcfe88069bbb6b685ed79f50d58bba286762877e,12.65054411473912
0x7a7058f22be0709511946a9bfc15fffbd967077b,1.0131907878829263
0xfa9be450784ab951b8f1d2aa8334320f5a1a5381,5680.308756396036
0x2b87cf70ab8e1bf42efdb3b984ae0f1fc00f2eca,2.491698166968967
0x5568d578876d30b0b91909e408df688e7b3574f2,7.426458218659776
0x88f5814490542d5c2cb036b227e3ea5a402195d2,3.760313687045033
0x68511d5b030afcc85eb4c0467f87765411bf3e47,16.25258280715128
0xc710d911980c49b8c96927cdeae06a71e87fd767,39.26366562587294
0xc1d9d64310aff333096216f6551ecc0f30b77772,2.125880488743847
0xfc7a19041d563f69b726a16a57d79e803a9f16f4,65.52720332957043
0x5f16dbed896db007be8b6eb079f41cb8edf328d2,1.297693044335199
0xd04f00bf61fc9d2affb8afdcaf9cbe07c5596814,5.77795027842817
0xf0025fe87da5a28441d1bea85702b9c1cc8fe011,3.1978935904559527
0x6bcf56da7926e2804ca901ee55041e6b62ec5998,127435.88118505597
0x9d363e0470b3e17e71c75bf055c0122a4326d6f5,426.9968216279135
0xb91eb2e7e673b1f4a83f066618163c2b88557254,1.6712181298879616
0xf1ce2061416f48b60d2c0b54f3ecac567a53eb28,47.436317793396334
0x93350a260e58ec47aa0d2b570107744e8a04857c,25391.080032296955
0x869605de10d81e4700458820fdcf71dd67ff986c,1.8080168805109211
